Date,Symbol,Series,Prev Close,Open,High,Low,Last,Close,VWAP,Volume,Turnover,Trades,Deliverable Volume,%Deliverble
2019-01-01,BSE,EQ,598.4,599.0,603.85,598.4,600.9,601.1,600.6,65090,3909334370000.0015,3480,41682,0.6404000000000001
2019-01-02,BSE,EQ,601.1,601.1,602.45,597.2,598.9,598.6,599.84,53145,3187841750000.0,3723,38045,0.7159000000000001
2019-01-03,BSE,EQ,598.6,598.9,600.0,592.2,593.05,593.8,595.92,45279,2698245445000.0,4126,31870,0.7039
2019-01-04,BSE,EQ,593.8,594.0,600.45,591.9,597.2,598.4,597.31,38540,2302023610000.0,2608,21693,0.5629
2019-01-07,BSE,EQ,598.4,600.0,601.0,592.9,596.75,597.6,597.53,57849,3456659850000.0,2870,41760,0.7219
2019-01-08,BSE,EQ,597.6,600.0,600.0,595.25,595.85,596.9,597.59,31906,1906682260000.0,1281,14061,0.4407
2019-01-09,BSE,EQ,596.9,598.8,598.8,590.35,593.0,595.0,595.62,27690,1649259875000.0,1911,17713,0.6397
2019-01-10,BSE,EQ,595.0,595.05,605.7,594.15,594.15,597.7,600.22,155189,9314765190000.0,4330,73350,0.4726
2019-01-11,BSE,EQ,597.7,598.3,600.0,594.05,597.05,596.45,595.89,105616,6293526700000.0,2818,93929,0.8893000000000001
2019-01-14,BSE,EQ,596.45,600.0,600.0,592.65,593.1,593.35,594.84,51779,3080002865000.0,1906,43601,0.8421
2019-01-15,BSE,EQ,593.35,594.0,597.6,593.0,594.3,593.55,594.35,34608,2056912405000.0,1608,22611,0.6533
2019-01-16,BSE,EQ,593.55,599.9,599.9,594.0,595.0,594.75,596.18,49780,2967775125000.0,2374,35394,0.711
2019-01-17,BSE,EQ,594.75,595.1,597.75,592.05,593.5,593.65,594.35,37307,2217357245000.0,2032,29461,0.7897
2019-01-18,BSE,EQ,593.65,598.5,598.5,592.0,593.0,592.7,593.29,24560,1457114930000.0,1696,16412,0.6681999999999999
2019-01-21,BSE,EQ,592.7,596.95,596.95,591.4,591.4,591.7,592.47,47587,2819401500000.0,2056,37174,0.7812000000000001
2019-01-22,BSE,EQ,591.7,594.85,594.85,590.05,591.5,591.5,591.43,69026,4082399155000.0,2884,63455,0.9193
2019-01-23,BSE,EQ,591.5,591.5,593.75,590.75,592.25,591.25,591.49,142763,8444229365000.001,2434,137167,0.9608
2019-01-24,BSE,EQ,591.25,592.05,593.0,589.0,592.25,591.5,590.67,31837,1880514395000.0,1506,25113,0.7888
2019-01-25,BSE,EQ,591.5,593.9,595.0,587.15,590.0,588.9,589.52,46868,2762974750000.0,2502,37902,0.8087000000000001
2019-01-28,BSE,EQ,588.9,589.0,592.3,584.0,590.7,588.5,588.11,59474,3497718200000.0,2286,47503,0.7987000000000001
2019-01-29,BSE,EQ,588.5,590.0,596.35,585.2,588.0,588.0,588.79,31191,1836486725000.0,1243,22599,0.7245
2019-01-30,BSE,EQ,588.0,590.3,598.0,588.65,588.65,589.0,590.53,30904,1824963590000.0,2363,21536,0.6969
2019-01-31,BSE,EQ,589.0,590.0,592.15,587.05,590.85,589.45,588.76,44224,2603745810000.0,1974,31685,0.7165
2019-02-01,BSE,EQ,589.45,591.7,594.0,586.0,586.8,588.25,590.21,40285,2377641920000.0,1564,20278,0.5034000000000001
2019-02-04,BSE,EQ,588.25,588.85,593.4,575.3,581.9,581.15,581.34,49425,2873296225000.0,2847,32717,0.662
2019-02-05,BSE,EQ,581.15,581.4,581.45,571.15,572.0,572.75,575.35,38250,2200718600000.0,2936,27009,0.7061000000000001
2019-02-06,BSE,EQ,572.75,578.0,578.0,560.0,562.5,563.7,565.06,57574,3253286820000.0,4903,38447,0.6678000000000001
2019-02-07,BSE,EQ,563.7,567.0,568.5,534.65,560.5,565.45,561.29,100840,5660059165000.0,6057,66935,0.6638
2019-02-08,BSE,EQ,565.45,564.65,571.95,560.0,570.5,570.3,568.93,61054,3473518690000.0,4608,48487,0.7942
2019-02-11,BSE,EQ,570.3,570.0,587.5,557.95,560.0,561.75,574.02,108462,6225895545000.0,6274,79923,0.7369
2019-02-12,BSE,EQ,561.75,564.0,572.5,560.85,571.75,571.45,569.16,47626,2710696585000.0,4986,33440,0.7021
2019-02-13,BSE,EQ,571.45,572.0,575.0,569.1,569.6,570.0,570.81,48745,2782399525000.0,3451,37230,0.7637999999999999
2019-02-14,BSE,EQ,570.0,570.2,571.5,568.0,570.5,570.5,569.93,37232,2121948045000.0,4930,29483,0.7919
2019-02-15,BSE,EQ,570.5,571.0,571.0,560.0,561.0,561.6,564.29,43242,2440093770000.0,6223,31055,0.7182
2019-02-18,BSE,EQ,561.6,567.9,567.9,549.0,551.0,550.65,553.9,58441,3237027705000.0,7443,44001,0.7529000000000001
2019-02-19,BSE,EQ,550.65,551.2,560.5,545.0,548.0,546.4,554.17,52190,2892233335000.0,4719,34651,0.6639
2019-02-20,BSE,EQ,546.4,559.2,568.0,555.0,560.0,558.9,560.08,160730,9002196390000.0,9002,90127,0.5607
2019-02-21,BSE,EQ,558.9,561.0,565.0,560.05,563.3,562.4,562.94,89652,5046832290000.0,5392,67361,0.7514000000000001
2019-02-22,BSE,EQ,562.4,564.0,570.75,560.0,568.0,567.95,567.04,90288,5119701555000.0,8049,70754,0.7836
2019-02-25,BSE,EQ,567.95,566.05,583.45,566.05,575.25,576.3,575.51,99402,5720732890000.0,4589,63228,0.6361
2019-02-26,BSE,EQ,576.3,574.0,574.0,565.65,567.8,567.45,569.41,66812,3804349985000.0,6445,40067,0.5997
2019-02-27,BSE,EQ,567.45,570.05,575.9,568.25,571.0,569.9,571.41,61389,3507854735000.0,7146,37812,0.6159
2019-02-28,BSE,EQ,569.9,570.0,572.95,567.65,569.0,568.9,569.56,46215,2632216465000.0,4586,36009,0.7792
2019-03-01,BSE,EQ,568.9,570.0,572.5,567.6,570.05,570.7,569.74,114506,6523920050000.0,6914,92881,0.8111
2019-03-05,BSE,EQ,570.7,570.0,603.0,570.0,600.7,601.6,594.32,189874,11284602835000.0,8022,132897,0.6999
2019-03-06,BSE,EQ,601.6,610.0,617.75,607.9,614.1,614.4,613.79,128891,7911142800000.0,12489,89704,0.696
2019-03-07,BSE,EQ,614.4,619.3,619.3,606.3,615.0,613.25,610.79,111031,6781620309999.999,6523,87521,0.7883
2019-03-08,BSE,EQ,613.25,613.25,622.0,608.15,615.0,616.3,614.81,127784,7856295330000.0,8934,95764,0.7494
2019-03-11,BSE,EQ,616.3,622.9,625.0,616.9,618.0,618.05,619.72,87051,5394734995000.0,6098,63600,0.7306
2019-03-12,BSE,EQ,618.05,621.1,630.8,617.0,619.0,620.45,622.48,187807,11690566880000.0,6641,126769,0.675
2019-03-13,BSE,EQ,620.45,625.0,625.0,613.15,615.5,615.75,618.0,106643,6590563425000.0,6630,86134,0.8077
2019-03-14,BSE,EQ,615.75,615.0,643.0,612.0,616.0,616.8,628.12,477308,29980648690000.0,18911,195637,0.4099
2019-03-15,BSE,EQ,616.8,619.9,626.65,615.0,617.5,615.85,620.1,127764,7922609405000.0,4862,95948,0.7509999999999999
2019-03-18,BSE,EQ,615.85,620.0,620.0,610.8,612.5,612.05,614.43,103225,6342427990000.0,4861,80031,0.7753
2019-03-19,BSE,EQ,612.05,610.0,615.0,607.0,610.0,608.65,610.12,105070,6410516345000.0,3987,84090,0.8003
2019-03-20,BSE,EQ,608.65,609.0,613.5,607.15,610.9,610.1,609.81,295715,18032896990000.0,9765,261555,0.8845000000000001
2019-03-22,BSE,EQ,610.1,613.0,613.0,603.9,605.0,606.05,609.25,277496,16906566360000.0,10722,241894,0.8717
2019-03-25,BSE,EQ,606.05,609.1,609.1,589.2,589.2,590.8,593.84,145968,8668106905000.0,10603,104280,0.7144
2019-03-26,BSE,EQ,590.8,591.0,594.75,587.1,590.45,591.15,591.37,155680,9206443725000.0,3887,111481,0.7161
2019-03-27,BSE,EQ,591.15,591.15,617.2,591.0,614.9,612.4,607.2,542905,32965068815000.0,11824,426303,0.7852
2019-03-28,BSE,EQ,612.4,616.0,619.85,607.0,612.55,610.6,613.52,159371,9777732395000.0,8660,98149,0.6159
2019-03-29,BSE,EQ,610.6,611.7,614.95,600.0,612.0,611.15,609.32,212385,12941011585000.0,9317,149222,0.7026000000000001
2019-04-01,BSE,EQ,611.15,613.05,624.4,613.05,615.4,615.95,618.33,111941,6921648309999.999,3040,71999,0.6432
2019-04-02,BSE,EQ,615.95,618.95,618.95,612.0,613.75,613.35,614.75,75889,4665310945000.0,6203,47186,0.6218
2019-04-03,BSE,EQ,613.35,617.85,617.85,608.0,609.75,609.05,613.19,142547,8740810600000.0,6353,99186,0.6958
2019-04-04,BSE,EQ,609.05,609.0,611.0,607.0,607.95,607.8,608.6,96520,5874251865000.0,9643,76109,0.7885
2019-04-05,BSE,EQ,607.8,610.0,617.2,606.5,611.0,611.1,611.77,190400,11648182960000.0,3323,155999,0.8193000000000001
2019-04-08,BSE,EQ,611.1,619.0,630.8,612.1,618.0,619.15,618.55,233012,14412993665000.0,5842,171067,0.7342000000000001
2019-04-09,BSE,EQ,619.15,619.15,623.3,611.1,621.95,621.95,620.33,125180,7765341270000.0,3858,100414,0.8022
2019-04-10,BSE,EQ,621.95,625.0,627.8,621.25,622.05,623.25,623.88,105287,6568679435000.0,2598,66087,0.6277
2019-04-11,BSE,EQ,623.25,624.0,628.5,623.1,625.9,625.45,625.72,97471,6098996865000.0,2213,75644,0.7761
2019-04-12,BSE,EQ,625.45,627.7,628.1,622.0,624.95,624.25,625.8,131115,8205157575000.0,2779,90479,0.6901
2019-04-15,BSE,EQ,624.25,625.3,627.0,620.0,620.0,621.95,624.64,54963,3433230429999.9995,2629,33886,0.6165
2019-04-16,BSE,EQ,621.95,624.9,627.75,621.15,624.0,624.6,624.78,71582,4472276875000.0,2400,59212,0.8272
2019-04-18,BSE,EQ,624.6,625.45,626.5,620.25,623.1,623.5,623.82,134895,8415030875000.0,5096,117590,0.8717
2019-04-22,BSE,EQ,623.5,625.5,625.5,615.0,618.0,617.4,620.22,88081,5462968485000.0,5715,62245,0.7067
2019-04-23,BSE,EQ,617.4,618.4,619.4,615.25,616.0,616.95,617.14,61827,3815566870000.0015,1770,52548,0.8499
2019-04-24,BSE,EQ,616.95,618.0,618.95,614.8,618.0,617.8,617.71,104531,6456967320000.0,1742,86756,0.8300000000000001
2019-04-25,BSE,EQ,617.8,618.05,620.1,615.05,615.3,616.5,617.84,41414,2558725665000.0,1668,32210,0.7778
2019-04-26,BSE,EQ,616.5,617.5,620.05,616.4,618.8,618.45,618.58,72182,4465043345000.0,1385,58423,0.8094
2019-04-30,BSE,EQ,618.45,617.0,621.5,615.4,620.5,620.7,619.77,88718,5498505710000.0,5370,70097,0.7901
2019-05-02,BSE,EQ,620.7,622.6,644.8,620.5,629.5,629.75,634.08,308264,19546444660000.0,11333,163879,0.5316
2019-05-03,BSE,EQ,629.75,634.4,636.4,628.35,634.3,633.9,631.47,249339,15745060094999.998,5462,188645,0.7565999999999999
2019-05-06,BSE,EQ,633.9,635.05,642.15,632.0,635.05,635.65,637.85,101581,6479336065000.0,2946,59045,0.5813
2019-05-07,BSE,EQ,635.65,640.75,648.0,635.0,636.2,637.15,641.21,137617,8824091610000.0,5200,76199,0.5537
2019-05-08,BSE,EQ,637.15,620.0,623.6,611.0,614.0,614.85,617.92,351828,21740030385000.0,19654,243143,0.6911
2019-05-09,BSE,EQ,614.85,615.0,618.0,610.9,611.7,612.75,614.0,79069,4854837155000.0,4073,51868,0.6559999999999999
2019-05-10,BSE,EQ,612.75,614.95,618.95,607.15,607.15,609.8,611.98,74466,4557143440000.0,4625,53290,0.7156
2019-05-13,BSE,EQ,609.8,608.9,610.0,596.2,598.35,598.55,604.26,123968,7490907430000.0,7654,86336,0.6964
2019-05-14,BSE,EQ,598.55,599.0,600.0,593.2,598.0,599.35,598.21,74676,4467217135000.0,5676,51307,0.6870999999999999
2019-05-15,BSE,EQ,599.35,601.0,605.5,596.1,596.5,597.05,599.04,85183,5102842960000.0,4907,58678,0.6888
2019-05-16,BSE,EQ,597.05,599.75,600.0,594.0,596.0,595.5,595.85,78775,4693802975000.0,5419,48365,0.614
2019-05-17,BSE,EQ,595.5,596.0,598.35,589.0,590.0,590.95,592.14,136719,8095657375000.0,4742,87666,0.6412000000000001
2019-05-20,BSE,EQ,590.95,606.0,613.15,592.5,594.5,596.15,597.72,218016,13031171400000.0,5366,108189,0.4962
2019-05-21,BSE,EQ,596.15,596.15,605.5,594.6,602.55,602.1,601.18,128887,7748383209999.999,7252,94818,0.7356999999999999
2019-05-22,BSE,EQ,602.1,604.95,605.0,600.0,605.0,604.3,602.73,56944,3432195504999.9995,2557,36035,0.6328
2019-05-23,BSE,EQ,604.3,605.0,605.35,598.0,600.15,600.1,602.88,75011,4522231185000.0,4303,48722,0.6495000000000001
2019-05-24,BSE,EQ,600.1,601.0,604.15,595.0,601.15,601.6,599.91,72133,4327323620000.0015,4461,46180,0.6402
2019-05-27,BSE,EQ,601.6,604.0,614.8,599.5,612.0,610.4,608.87,115805,7051052155000.0,3273,82276,0.7105
2019-05-28,BSE,EQ,610.4,611.25,620.55,606.15,619.8,620.0,617.52,141227,8720979875000.0,4089,107596,0.7619
2019-05-29,BSE,EQ,620.0,620.0,621.0,613.45,614.2,615.0,617.18,57895,3573178779999.9995,3434,40704,0.7031000000000001
2019-05-30,BSE,EQ,615.0,619.95,619.95,614.55,618.0,618.05,616.88,46808,2887504160000.0,1557,37019,0.7909
2019-05-31,BSE,EQ,618.05,618.0,621.55,615.6,619.0,619.2,619.6,100251,6211588715000.0,5198,78650,0.7845000000000001
2019-06-03,BSE,EQ,619.2,620.0,621.0,613.8,619.3,618.7,619.2,57841,3581506365000.0,2955,44168,0.7636000000000001
2019-06-04,BSE,EQ,618.7,620.95,626.45,618.6,625.95,624.2,623.37,138602,8639977815000.001,2680,108079,0.7798
2019-06-06,BSE,EQ,624.2,624.5,627.0,616.25,618.0,617.55,619.5,48280,2990955820000.0,3059,36130,0.7483
2019-06-07,BSE,EQ,617.55,619.55,621.0,615.4,616.25,616.3,617.47,45176,2789484285000.0,2281,33977,0.7521
2019-06-10,BSE,EQ,616.3,617.3,621.35,611.8,613.7,612.75,615.79,51722,3185013485000.0,4760,37949,0.7337
2019-06-11,BSE,EQ,612.75,613.5,618.8,611.55,611.9,612.2,614.02,50130,3078076335000.0,2235,37720,0.7524
2019-06-12,BSE,EQ,612.2,614.1,616.75,612.0,615.95,615.0,614.75,31824,1956390070000.0,2720,23412,0.7356999999999999
2019-06-13,BSE,EQ,615.0,614.75,615.65,612.05,613.1,613.3,614.37,45270,2781270820000.0,3307,36232,0.8004000000000001
2019-06-14,BSE,EQ,613.3,618.7,618.7,613.0,613.65,613.8,614.7,78160,4804468325000.0,2473,67771,0.8671
2019-06-17,BSE,EQ,613.8,616.05,618.2,613.0,616.0,614.85,615.79,50723,3123470835000.0,2258,37714,0.7434999999999999
2019-06-18,BSE,EQ,614.85,615.0,615.0,613.0,613.4,613.5,613.98,36487,2240227225000.0,2430,27699,0.7591
2019-06-19,BSE,EQ,613.5,617.0,618.95,607.7,609.0,609.0,612.63,77787,4765478030000.0,3670,59609,0.7663
2019-06-20,BSE,EQ,609.0,607.7,617.0,603.1,615.0,615.35,612.28,69133,4232851645000.0015,2770,48344,0.6993
2019-06-21,BSE,EQ,615.35,615.35,616.95,610.1,615.5,615.7,615.76,81647,5027515910000.0,1982,72388,0.8865999999999999
2019-06-24,BSE,EQ,615.7,616.0,617.75,613.0,615.25,614.75,614.69,67298,4136718220000.0015,2873,53569,0.7959999999999999
2019-06-25,BSE,EQ,614.75,614.75,622.65,612.1,620.95,619.9,618.36,133953,8283180040000.001,3520,109879,0.8203
2019-06-26,BSE,EQ,619.9,619.0,620.9,614.35,619.0,619.3,618.48,163143,10090081875000.0,6542,131443,0.8057
2019-06-27,BSE,EQ,619.3,615.0,615.0,600.0,610.0,609.9,607.94,305854,18594152590000.0,7994,247003,0.8076000000000001
2019-06-28,BSE,EQ,609.9,604.95,616.5,599.8,610.1,613.1,611.54,138330,8459454840000.001,7772,107546,0.7775
2019-07-01,BSE,EQ,613.1,611.0,611.6,601.95,603.0,605.1,606.09,57095,3460470215000.0,3904,36200,0.634
2019-07-02,BSE,EQ,605.1,606.0,617.35,606.0,616.5,616.15,612.42,87379,5351292465000.0,6930,72476,0.8294
2019-07-03,BSE,EQ,616.15,616.15,618.0,613.0,617.15,615.8,616.45,67772,4177831885000.0,3576,53397,0.7879
2019-07-04,BSE,EQ,615.8,616.8,618.95,614.05,618.95,617.7,616.25,46365,2857251590000.0,2682,37885,0.8170999999999999
2019-07-05,BSE,EQ,617.7,615.0,618.95,605.05,606.0,606.55,614.9,105851,6508801325000.0,3442,88212,0.8334
2019-07-08,BSE,EQ,606.55,600.9,604.15,595.8,597.0,598.3,599.3,67254,4030518945000.0015,5168,41366,0.6151
2019-07-09,BSE,EQ,598.3,597.0,597.0,591.0,592.5,592.05,592.84,39492,2341246395000.0,4480,25857,0.6547
2019-07-10,BSE,EQ,592.05,592.05,594.5,586.0,586.8,588.5,590.26,32171,1898924225000.0,5600,21209,0.6593000000000001
2019-07-11,BSE,EQ,588.5,588.8,595.95,570.25,572.0,575.35,582.96,67408,3929618765000.0,6803,45972,0.682
2019-07-12,BSE,EQ,575.35,576.0,576.0,562.5,571.0,570.6,569.97,104310,5945404625000.0,11207,67904,0.6509999999999999
2019-07-15,BSE,EQ,570.6,574.2,587.7,574.2,583.0,582.15,581.82,64543,3755223025000.0,6542,39951,0.619
2019-07-16,BSE,EQ,582.15,582.0,583.8,579.7,581.5,581.05,581.45,29286,1702846305000.0,5184,20423,0.6973999999999999
2019-07-17,BSE,EQ,581.05,590.0,597.7,579.2,579.9,581.35,588.06,126262,7424935570000.0,9222,86475,0.6849
2019-07-18,BSE,EQ,581.35,581.5,583.55,575.1,575.75,575.8,577.92,86144,4978410900000.0,7154,63752,0.7401000000000001
2019-07-19,BSE,EQ,575.8,577.6,578.1,570.0,571.0,570.65,572.81,74769,4282857315000.0,6845,58742,0.7856000000000001
2019-07-22,BSE,EQ,570.65,572.5,572.5,555.1,557.0,556.8,560.01,150914,8451403300000.0,12579,111291,0.7373999999999999
2019-07-23,BSE,EQ,556.8,557.0,558.05,555.0,555.95,555.6,556.6,97491,5426397375000.0,7070,71782,0.7363
2019-07-24,BSE,EQ,555.6,556.9,557.6,549.4,551.55,550.45,551.79,96462,5322658200000.0,7419,72243,0.7489
2019-07-25,BSE,EQ,550.45,554.0,562.35,550.1,559.5,559.8,558.92,334665,18705054150000.0,8045,227395,0.6795
2019-07-26,BSE,EQ,559.8,545.0,547.3,528.35,533.0,532.6,536.14,195119,10461013445000.0,14027,104877,0.5375
2019-07-29,BSE,EQ,532.6,529.9,533.75,524.15,524.9,525.2,527.64,52149,2751566665000.0,5346,31114,0.5966
2019-07-30,BSE,EQ,525.2,527.0,530.25,522.0,522.85,523.0,524.91,61277,3216488945000.0,6356,42264,0.6897
2019-07-31,BSE,EQ,523.0,521.1,521.1,501.0,508.85,508.25,507.17,136127,6904011434999.999,11061,90496,0.6648000000000001
2019-08-01,BSE,EQ,508.25,508.25,521.55,499.25,500.0,500.6,505.54,121823,6158698770000.0,7459,87597,0.7191
2019-08-02,BSE,EQ,500.6,502.0,503.55,475.0,482.0,480.95,487.22,225538,10988559740000.0,15110,117501,0.521
2019-08-05,BSE,EQ,480.95,479.95,479.95,462.0,471.0,468.1,468.57,206642,9682647365000.0,9133,102327,0.4952
2019-08-06,BSE,EQ,468.1,468.0,476.6,465.95,468.35,467.85,469.37,91127,4277201120000.0015,4526,61699,0.6770999999999999
2019-08-07,BSE,EQ,467.85,472.4,474.8,467.0,468.9,468.7,469.66,59650,2801544540000.0,2805,35366,0.5929
2019-08-08,BSE,EQ,468.7,470.0,470.5,463.0,469.5,469.75,468.01,77566,3630194615000.0,3384,30678,0.3955
2019-08-09,BSE,EQ,469.75,470.0,479.45,461.05,462.7,463.6,467.96,165871,7762092434999.999,7117,104352,0.6291
2019-08-13,BSE,EQ,463.6,463.0,469.55,456.0,460.15,464.55,463.68,103827,4814278665000.0,4790,51333,0.4944
2019-08-14,BSE,EQ,464.55,464.55,467.65,453.0,456.0,456.95,460.4,126000,5800992275000.0,4317,46148,0.3663
2019-08-16,BSE,EQ,456.95,456.05,458.9,446.2,450.25,449.9,452.96,155306,7034811495000.0,10706,86423,0.5565
2019-08-19,BSE,EQ,449.9,453.3,468.4,448.1,453.75,450.9,459.85,172913,7951347559999.999,8805,78731,0.4553
2019-08-20,BSE,EQ,450.9,453.95,489.95,451.9,477.55,474.5,468.37,316570,14827317600000.0,13191,99691,0.3149
2019-08-21,BSE,EQ,474.5,479.0,497.8,476.8,490.05,491.0,490.1,308592,15124231219999.998,10889,152700,0.4948
2019-08-22,BSE,EQ,491.0,490.0,496.95,481.1,488.0,485.65,490.74,219908,10791723150000.0,8955,146670,0.667
2019-08-23,BSE,EQ,485.65,485.0,494.0,484.5,493.3,492.85,491.81,94221,4633881205000.0,13633,58500,0.6209
2019-08-26,BSE,EQ,492.85,505.0,522.05,498.4,518.05,516.35,513.58,228360,11728145595000.0,11337,138926,0.6084
2019-08-27,BSE,EQ,516.35,519.35,530.9,519.35,529.0,529.45,528.14,94921,5013123755000.0,6765,57834,0.6093000000000001
2019-08-28,BSE,EQ,529.45,529.0,539.4,518.0,521.45,524.95,533.06,105661,5632391015000.0,8579,60887,0.5761999999999999
2019-08-29,BSE,EQ,524.95,520.0,526.3,500.0,504.6,509.35,512.48,122576,6281778745000.0,8752,84675,0.6908
2019-08-30,BSE,EQ,509.35,510.6,534.9,509.95,534.6,531.75,525.21,81461,4278390370000.0015,4476,44256,0.5433
2019-09-03,BSE,EQ,531.75,533.0,539.6,526.15,529.95,530.85,534.36,72602,3879546105000.0,3238,36007,0.4960000000000001
2019-09-04,BSE,EQ,530.85,534.25,538.95,521.2,526.0,525.05,531.67,54097,2876179760000.0,2462,28764,0.5317000000000001
2019-09-05,BSE,EQ,525.05,526.0,535.5,525.05,535.15,533.65,533.18,50951,2716581160000.0,4278,32053,0.6291
2019-09-06,BSE,EQ,533.65,533.0,536.6,525.3,528.5,528.05,529.52,42999,2276901800000.0,3979,22106,0.5141
2019-09-09,BSE,EQ,528.05,528.5,543.7,528.5,540.0,540.85,538.23,95752,5153618175000.0,4509,62678,0.6546
2019-09-11,BSE,EQ,540.85,542.7,548.0,540.85,542.0,543.5,544.86,54579,2973798505000.0,2983,34410,0.6305
2019-09-12,BSE,EQ,543.5,545.0,546.0,538.0,538.05,538.8,541.24,41884,2266915255000.0,1910,27834,0.6645000000000001
2019-09-13,BSE,EQ,538.8,536.0,538.35,532.0,534.55,536.15,535.49,36370,1947588495000.0,4248,21221,0.5835
2019-09-16,BSE,EQ,536.15,531.0,540.0,531.0,531.9,533.85,535.12,39124,2093584250000.0,2806,24398,0.6236
2019-09-17,BSE,EQ,533.85,533.0,548.0,533.0,544.0,545.55,542.91,77437,4204154855000.0,5391,45332,0.5854
2019-09-18,BSE,EQ,545.55,545.0,553.25,543.2,547.25,548.9,549.92,33105,1820497790000.0,2122,17091,0.5163
2019-09-19,BSE,EQ,548.9,545.9,549.0,538.05,540.0,541.9,542.72,36086,1958453805000.0,3827,20975,0.5813
2019-09-20,BSE,EQ,541.9,540.05,550.0,535.2,545.0,542.15,545.25,99509,5425732425000.0,7355,55166,0.5544
2019-09-23,BSE,EQ,542.15,559.0,565.0,522.0,542.0,534.6,542.93,251470,13653131630000.002,7440,117038,0.4654
2019-09-24,BSE,EQ,534.6,545.0,565.0,541.0,559.65,559.8,559.59,296721,16604296015000.0,19063,209016,0.7044
2019-09-25,BSE,EQ,559.8,557.0,565.5,554.1,562.55,563.05,562.58,328274,18467953475000.0,18349,273304,0.8325
2019-09-26,BSE,EQ,563.05,565.0,574.9,565.0,566.0,567.65,569.25,212395,12090561425000.0,16291,151285,0.7123
2019-09-27,BSE,EQ,567.65,567.0,575.0,565.75,566.0,568.4,570.36,108397,6182531035000.0,10499,77825,0.718
2019-09-30,BSE,EQ,568.4,567.0,571.55,560.0,565.95,564.25,566.81,102891,5831931815000.0,7047,70139,0.6817000000000001
2019-10-01,BSE,EQ,564.25,565.95,572.95,556.1,563.0,564.45,565.5,96407,5451793900000.0,8268,63600,0.6597
2019-10-03,BSE,EQ,564.45,565.0,567.5,557.5,564.1,564.75,561.89,90052,5059894775000.0,9695,61101,0.6785
2019-10-04,BSE,EQ,564.75,569.6,569.6,556.1,558.0,558.6,562.75,104293,5869129205000.0,9855,82911,0.795
2019-10-07,BSE,EQ,558.6,556.1,565.0,550.0,553.0,552.7,554.06,62915,3485857465000.0,5006,43443,0.6905
2019-10-09,BSE,EQ,552.7,550.0,550.0,529.0,533.3,533.4,535.13,132470,7088883384999.999,10516,91171,0.6881999999999999
2019-10-10,BSE,EQ,533.4,533.0,533.75,514.0,515.5,515.15,520.2,83330,4334798440000.0,7794,62585,0.7511
2019-10-11,BSE,EQ,515.15,515.5,524.75,512.1,515.5,515.55,517.27,53345,2759361390000.0,4884,30479,0.5714
2019-10-14,BSE,EQ,515.55,516.0,519.8,512.6,514.1,514.2,515.23,51455,2651125795000.0,4634,28117,0.5464
2019-10-15,BSE,EQ,514.2,513.0,520.5,507.2,508.0,511.1,514.63,103890,5346512480000.0,6126,70246,0.6762
2019-10-16,BSE,EQ,511.1,514.7,517.7,509.1,510.0,511.35,511.58,92092,4711275230000.0,6961,70234,0.7626999999999999
2019-10-17,BSE,EQ,511.35,512.0,534.0,510.05,527.0,524.95,520.05,79307,4124329620000.0015,6200,61049,0.7698
2019-10-18,BSE,EQ,524.95,523.0,530.95,523.0,527.9,527.65,528.88,67275,3558031020000.0005,4305,43236,0.6426999999999999
2019-10-22,BSE,EQ,527.65,534.0,550.0,528.0,543.9,544.1,540.83,83878,4536367800000.0,7766,49713,0.5927
2019-10-23,BSE,EQ,544.1,540.05,544.65,536.6,544.0,542.5,541.45,34814,1885015990000.0,5686,23104,0.6636
2019-10-24,BSE,EQ,542.5,543.95,557.85,540.7,553.9,554.3,549.13,73942,4060368475000.0,5669,51986,0.7031000000000001
2019-10-25,BSE,EQ,554.3,554.0,554.0,541.3,543.45,542.4,544.63,39006,2124384210000.0,4083,23792,0.61
2019-10-27,BSE,EQ,542.4,542.5,554.0,542.5,550.5,550.65,550.22,13570,746654345000.0,1023,8226,0.6062
2019-10-29,BSE,EQ,550.65,534.3,559.8,534.3,552.9,552.9,552.13,150838,8328263180000.0,7590,102037,0.6765000000000001
2019-10-30,BSE,EQ,552.9,552.9,558.0,545.0,545.15,547.4,549.81,99895,5492282950000.0,7591,72907,0.7298
2019-10-31,BSE,EQ,547.4,545.05,567.95,545.05,556.95,554.65,558.27,149315,8335760615000.001,12785,80569,0.5396
2019-11-01,BSE,EQ,554.65,557.4,558.75,546.5,550.0,548.8,549.44,51188,2812480545000.0,2721,30830,0.6023
2019-11-04,BSE,EQ,548.8,550.0,563.0,542.0,546.9,547.75,551.55,132770,7322987184999.999,3552,47429,0.3572
2019-11-05,BSE,EQ,547.75,550.9,550.9,534.8,539.75,536.6,538.27,129666,6979490245000.0,10526,94348,0.7276
2019-11-06,BSE,EQ,536.6,540.0,547.7,535.85,538.0,536.95,541.22,48209,2609154660000.0,3053,23392,0.4852
2019-11-07,BSE,EQ,536.95,534.0,551.0,526.1,540.0,541.3,539.23,155312,8374954930000.0,9286,68554,0.4414
2019-11-08,BSE,EQ,541.3,535.0,539.95,525.0,525.05,525.85,529.62,77642,4112042215000.0,4328,54300,0.6994
2019-11-11,BSE,EQ,525.85,525.0,531.1,517.95,520.7,520.95,522.16,57691,3012416955000.0,3323,31806,0.5513
2019-11-13,BSE,EQ,520.95,521.05,523.75,511.0,511.85,513.5,516.69,72281,3734665845000.0015,5790,51256,0.7091
2019-11-14,BSE,EQ,513.5,513.5,516.0,502.7,503.7,503.95,507.25,66508,3373640535000.0,3478,49378,0.7424
2019-11-15,BSE,EQ,503.95,505.0,508.95,495.65,496.6,497.6,501.11,91248,4572534105000.0,6246,67235,0.7368000000000001
2019-11-18,BSE,EQ,497.6,497.6,506.0,497.6,504.0,503.65,502.91,52598,2645228550000.0,3014,33259,0.6323
2019-11-19,BSE,EQ,503.65,505.95,506.95,496.0,497.0,497.3,498.85,60544,3020260425000.0,3125,46203,0.7631
2019-11-20,BSE,EQ,497.3,499.8,503.6,495.15,498.8,496.95,498.56,57323,2857909210000.0,2603,38799,0.6768000000000001
2019-11-21,BSE,EQ,496.95,499.35,508.75,497.0,503.0,502.95,503.23,51620,2597667755000.0,2558,26279,0.5091
2019-11-22,BSE,EQ,502.95,502.95,515.0,501.0,514.2,513.7,511.23,68306,3492039190000.0,3723,32831,0.4806
2019-11-25,BSE,EQ,513.7,517.75,518.2,508.05,509.0,509.25,513.54,50614,2599228465000.0,2212,31084,0.6141
2019-11-26,BSE,EQ,509.25,511.0,511.0,495.0,496.95,496.5,501.82,104457,5241904720000.0,9801,77220,0.7393000000000001
2019-11-27,BSE,EQ,496.5,499.8,504.95,495.8,496.9,497.2,498.63,61195,3051360395000.0,5207,37995,0.6209
2019-11-28,BSE,EQ,497.2,502.35,505.45,501.2,503.5,503.75,503.72,69283,3489891554999.9995,3656,35715,0.5155
2019-11-29,BSE,EQ,503.75,500.1,507.0,500.1,506.3,505.2,503.65,48034,2419254350000.0,1677,24439,0.5088
2019-12-02,BSE,EQ,505.2,505.2,506.0,498.0,500.0,500.45,501.46,40072,2009463970000.0,2375,24833,0.6197
2019-12-03,BSE,EQ,500.45,500.0,505.95,498.0,500.65,500.35,500.63,29409,1472293325000.0,1695,15200,0.5168
2019-12-04,BSE,EQ,500.35,503.6,511.8,498.9,506.0,505.15,504.56,64837,3271394910000.0,3206,33710,0.5199
2019-12-05,BSE,EQ,505.15,507.05,509.6,501.0,501.05,501.9,503.44,37613,1893603420000.0,1466,27287,0.7255
2019-12-06,BSE,EQ,501.9,501.1,506.0,496.0,497.0,498.0,499.79,37889,1893670390000.0,2016,16592,0.4379
2019-12-09,BSE,EQ,498.0,501.85,501.85,491.0,491.85,492.35,494.77,56870,2813754100000.0,2905,28493,0.501
2019-12-10,BSE,EQ,492.35,495.0,498.95,490.0,493.25,493.25,493.78,32087,1584385785000.0,1901,17232,0.537
2019-12-11,BSE,EQ,493.25,491.25,494.65,480.0,488.0,487.95,486.59,53191,2588214435000.0,3581,28936,0.544
2019-12-12,BSE,EQ,487.95,484.0,490.0,484.0,488.5,488.1,487.52,52923,2580082395000.0,4908,35853,0.6775
2019-12-13,BSE,EQ,488.1,490.0,499.0,490.0,496.3,496.3,494.55,36537,1806947400000.0,2126,22670,0.6204999999999999
2019-12-16,BSE,EQ,496.3,499.0,500.0,492.0,492.1,492.9,495.22,46364,2296020240000.0,2917,31270,0.6744
2019-12-17,BSE,EQ,492.9,496.0,496.25,490.1,491.4,491.1,491.61,57015,2802916275000.0,2368,42463,0.7448
2019-12-18,BSE,EQ,491.1,494.3,495.55,488.1,490.0,490.5,490.37,56304,2760999810000.0,4550,35326,0.6274000000000001
2019-12-19,BSE,EQ,490.5,493.15,495.95,488.0,490.0,489.35,490.53,56263,2759886975000.0,2035,40746,0.7242000000000001
2019-12-20,BSE,EQ,489.35,490.0,493.95,485.5,486.95,487.0,489.31,52082,2548448725000.0,2168,38217,0.7338
2019-12-23,BSE,EQ,487.0,487.0,489.85,481.35,481.85,481.95,483.67,75599,3656531165000.0,3721,62901,0.8320000000000001
2019-12-24,BSE,EQ,481.95,482.0,484.65,475.0,479.95,480.3,478.78,102210,4893574675000.0,3465,67595,0.6613
2019-12-26,BSE,EQ,480.3,480.5,490.2,477.05,483.1,482.8,483.71,92858,4491647985000.0,2445,69346,0.7468000000000001
2019-12-27,BSE,EQ,482.8,481.5,490.9,481.0,484.85,485.3,484.69,121277,5878195860000.0,2460,83965,0.6923
2019-12-30,BSE,EQ,485.3,488.8,493.0,483.5,488.0,489.1,489.02,65130,3184983520000.0,2130,48497,0.7445999999999999
2019-12-31,BSE,EQ,489.1,489.9,502.35,487.6,501.4,501.45,497.67,109113,5430245090000.0,5269,69401,0.636
