,Unnamed: 0,Unnamed: 0.1,Unnamed: 0.1.1,Unnamed: 0.1.1.1,Unnamed: 0.1.1.1.1,Unnamed: 0.1.1.1.1.1,Unnamed: 0.1.1.1.1.1.1,Unnamed: 0.1.1.1.1.1.1.1,Unnamed: 0.1.1.1.1.1.1.1.1,Unnamed: 0.1.1.1.1.1.1.1.1.1,Unnamed: 0.1.1.1.1.1.1.1.1.1.1,Unnamed: 0.1.1.1.1.1.1.1.1.1.1.1,Unnamed: 0.1.1.1.1.1.1.1.1.1.1.1.1,Unnamed: 0.1.1.1.1.1.1.1.1.1.1.1.1.1,Unnamed: 0.1.1.1.1.1.1.1.1.1.1.1.1.1.1,Unnamed: 0.1.1.1.1.1.1.1.1.1.1.1.1.1.1.1,Date,Symbol,Series,Prev Close,Open,High,Low,Last,Close,VWAP,Volume,Turnover,Trades,Deliverable Volume,%Deliverble
0,0,0,0,0,0,0,0,0,0,0,0,0,0,0,0,3343,2019-01-01,SANGHIIND,EQ,60.75,60.75,61.4,59.8,61.0,60.6,60.51,285604,1728084139999.9998,963.0,213664.0,0.7481
1,1,1,1,1,1,1,1,1,1,1,1,1,1,1,1,3344,2019-01-02,SANGHIIND,EQ,60.6,61.0,61.95,60.0,60.9,60.75,60.87,170659,1038730285000.0,1037.0,87283.0,0.5114
2,2,2,2,2,2,2,2,2,2,2,2,2,2,2,2,3345,2019-01-03,SANGHIIND,EQ,60.75,61.3,61.7,60.0,60.15,60.2,60.84,88390,537780290000.0001,1492.0,56898.0,0.6437
3,3,3,3,3,3,3,3,3,3,3,3,3,3,3,3,3346,2019-01-04,SANGHIIND,EQ,60.2,60.25,60.65,59.6,60.65,60.4,60.21,78450,472341135000.0,405.0,56227.0,0.7167
4,4,4,4,4,4,4,4,4,4,4,4,4,4,4,4,3347,2019-01-07,SANGHIIND,EQ,60.4,60.7,61.3,60.2,61.25,61.0,61.02,103764,633139815000.0,627.0,75330.0,0.726
5,5,5,5,5,5,5,5,5,5,5,5,5,5,5,5,3348,2019-01-08,SANGHIIND,EQ,61.0,61.15,61.4,60.3,60.9,60.6,60.83,42105,256125780000.0,349.0,24767.0,0.5882000000000001
6,6,6,6,6,6,6,6,6,6,6,6,6,6,6,6,3349,2019-01-09,SANGHIIND,EQ,60.6,60.45,61.2,60.3,61.05,60.8,60.81,65076,395711010000.0,542.0,43767.0,0.6726000000000001
7,7,7,7,7,7,7,7,7,7,7,7,7,7,7,7,3350,2019-01-10,SANGHIIND,EQ,60.8,60.8,60.85,60.35,60.8,60.65,60.62,31361,190097475000.0,380.0,22223.0,0.7086
8,8,8,8,8,8,8,8,8,8,8,8,8,8,8,8,3351,2019-01-11,SANGHIIND,EQ,60.65,60.5,60.8,60.1,60.25,60.35,60.36,55350,334074165000.0,280.0,41670.0,0.7528
9,9,9,9,9,9,9,9,9,9,9,9,9,9,9,9,3352,2019-01-14,SANGHIIND,EQ,60.35,60.35,60.35,59.05,60.0,60.0,59.86,42753,255907585000.0,367.0,28174.0,0.659
10,10,10,10,10,10,10,10,10,10,10,10,10,10,10,10,3353,2019-01-15,SANGHIIND,EQ,60.0,60.85,61.5,60.0,60.9,60.7,60.82,58089,353294335000.0,399.0,44276.0,0.7622
11,11,11,11,11,11,11,11,11,11,11,11,11,11,11,11,3354,2019-01-16,SANGHIIND,EQ,60.7,60.05,61.65,60.05,60.9,60.8,61.05,60695,370564020000.0,328.0,44913.0,0.74
12,12,12,12,12,12,12,12,12,12,12,12,12,12,12,12,3355,2019-01-17,SANGHIIND,EQ,60.8,61.05,61.45,56.5,57.5,57.65,58.94,154185,908834750000.0,1119.0,102019.0,0.6617000000000001
13,13,13,13,13,13,13,13,13,13,13,13,13,13,13,13,3356,2019-01-18,SANGHIIND,EQ,57.65,57.1,59.0,56.7,58.5,58.5,58.11,54975,319438430000.0,591.0,32811.0,0.5968
14,14,14,14,14,14,14,14,14,14,14,14,14,14,14,14,3357,2019-01-21,SANGHIIND,EQ,58.5,58.2,58.95,57.5,58.7,58.55,58.49,17027,99586890000.0,244.0,13036.0,0.7656000000000001
15,15,15,15,15,15,15,15,15,15,15,15,15,15,15,15,3358,2019-01-22,SANGHIIND,EQ,58.55,58.05,59.35,57.5,59.05,59.05,58.59,32786,192097435000.0,296.0,24637.0,0.7514000000000001
16,16,16,16,16,16,16,16,16,16,16,16,16,16,16,16,3359,2019-01-23,SANGHIIND,EQ,59.05,58.5,59.4,58.0,59.4,58.9,58.82,21238,124929675000.0,210.0,17159.0,0.8079000000000001
17,17,17,17,17,17,17,17,17,17,17,17,17,17,17,17,3360,2019-01-24,SANGHIIND,EQ,58.9,58.5,59.5,57.6,58.0,57.85,58.5,18754,109707625000.0,244.0,15987.0,0.8525
18,18,18,18,18,18,18,18,18,18,18,18,18,18,18,18,3361,2019-01-25,SANGHIIND,EQ,57.85,58.05,61.2,57.7,58.0,58.0,58.37,92918,542408395000.0,671.0,75254.0,0.8099
19,19,19,19,19,19,19,19,19,19,19,19,19,19,19,19,3362,2019-01-28,SANGHIIND,EQ,58.0,58.0,58.3,53.0,58.0,57.55,57.01,112644,642202995000.0,1958.0,86638.0,0.7691
20,20,20,20,20,20,20,20,20,20,20,20,20,20,20,20,3363,2019-01-29,SANGHIIND,EQ,57.55,57.35,57.5,56.0,56.6,56.35,56.37,88815,500662555000.0,483.0,76782.0,0.8645
21,21,21,21,21,21,21,21,21,21,21,21,21,21,21,21,3364,2019-01-30,SANGHIIND,EQ,56.35,56.25,57.5,56.2,56.2,56.35,56.69,15740,89230650000.0,322.0,8697.0,0.5525
22,22,22,22,22,22,22,22,22,22,22,22,22,22,22,22,3365,2019-01-31,SANGHIIND,EQ,56.35,58.5,58.5,55.4,57.5,57.0,56.2,78521,441251325000.0,300.0,66549.0,0.8475
23,23,23,23,23,23,23,23,23,23,23,23,23,23,23,23,3366,2019-02-01,SANGHIIND,EQ,57.0,58.0,58.0,55.2,55.8,56.2,56.27,45360,255253075000.0,542.0,24506.0,0.5403
24,24,24,24,24,24,24,24,24,24,24,24,24,24,24,24,3367,2019-02-04,SANGHIIND,EQ,56.2,55.5,56.0,54.4,54.9,54.9,54.9,38618,212007160000.0,380.0,30899.0,0.8001
25,25,25,25,25,25,25,25,25,25,25,25,25,25,25,25,3368,2019-02-05,SANGHIIND,EQ,54.9,54.6,54.95,52.55,54.85,54.45,53.89,59593,321134190000.0,489.0,45763.0,0.7679
26,26,26,26,26,26,26,26,26,26,26,26,26,26,26,26,3369,2019-02-06,SANGHIIND,EQ,54.45,54.45,56.8,52.0,53.0,54.15,53.96,125323,676198945000.0,1060.0,57637.0,0.4599
27,27,27,27,27,27,27,27,27,27,27,27,27,27,27,27,3370,2019-02-07,SANGHIIND,EQ,54.15,53.65,56.45,49.65,54.0,54.15,53.96,58925,317955360000.0,960.0,29062.0,0.4932
28,28,28,28,28,28,28,28,28,28,28,28,28,28,28,28,3371,2019-02-08,SANGHIIND,EQ,54.15,54.45,54.5,51.5,53.2,53.2,53.11,65322,346957230000.0,755.0,41810.0,0.6401000000000001
29,29,29,29,29,29,29,29,29,29,29,29,29,29,29,29,3372,2019-02-11,SANGHIIND,EQ,53.2,52.05,54.0,51.7,53.45,52.6,52.53,83450,438404130000.0,892.0,52474.0,0.6288
30,30,30,30,30,30,30,30,30,30,30,30,30,30,30,30,3373,2019-02-12,SANGHIIND,EQ,52.6,52.0,53.45,51.65,52.4,52.6,52.72,38800,204552805000.0,1103.0,23763.0,0.6124
31,31,31,31,31,31,31,31,31,31,31,31,31,31,31,31,3374,2019-02-13,SANGHIIND,EQ,52.6,52.85,52.9,50.05,52.0,51.35,51.59,86499,446282575000.0,742.0,58855.0,0.6804000000000001
32,32,32,32,32,32,32,32,32,32,32,32,32,32,32,32,3375,2019-02-14,SANGHIIND,EQ,51.35,51.0,52.35,50.4,51.25,51.35,51.34,58884,302314415000.0,650.0,39379.0,0.6688
33,33,33,33,33,33,33,33,33,33,33,33,33,33,33,33,3376,2019-02-15,SANGHIIND,EQ,51.35,51.4,53.0,51.35,53.0,52.6,51.94,26443,137340589999.99995,483.0,14476.0,0.5474
34,34,34,34,34,34,34,34,34,34,34,34,34,34,34,34,3377,2019-02-18,SANGHIIND,EQ,52.6,52.9,53.2,52.0,52.8,52.6,52.63,35931,189096880000.0,653.0,19898.0,0.5538000000000001
35,35,35,35,35,35,35,35,35,35,35,35,35,35,35,35,3378,2019-02-19,SANGHIIND,EQ,52.6,53.3,53.35,52.0,52.0,52.35,52.56,29853,156917710000.0,772.0,18124.0,0.6071
36,36,36,36,36,36,36,36,36,36,36,36,36,36,36,36,3379,2019-02-20,SANGHIIND,EQ,52.35,51.7,53.25,51.7,53.25,52.85,52.53,32732,171931320000.0,393.0,21932.0,0.67
37,37,37,37,37,37,37,37,37,37,37,37,37,37,37,37,3380,2019-02-21,SANGHIIND,EQ,52.85,52.0,53.9,52.0,53.9,53.35,52.84,44000,232494780000.0,503.0,26254.0,0.5967
38,38,38,38,38,38,38,38,38,38,38,38,38,38,38,38,3381,2019-02-22,SANGHIIND,EQ,53.35,53.35,53.85,53.1,53.3,53.5,53.51,17432,93286915000.0,336.0,10859.0,0.6229
39,39,39,39,39,39,39,39,39,39,39,39,39,39,39,39,3382,2019-02-25,SANGHIIND,EQ,53.5,54.0,55.0,53.45,54.5,53.95,54.26,136758,742112010000.0,749.0,65929.0,0.4821
40,40,40,40,40,40,40,40,40,40,40,40,40,40,40,40,3383,2019-02-26,SANGHIIND,EQ,53.95,53.8,54.5,52.1,53.5,53.8,53.54,68388,366170055000.0,642.0,35529.0,0.5195000000000001
41,41,41,41,41,41,41,41,41,41,41,41,41,41,41,41,3384,2019-02-27,SANGHIIND,EQ,53.8,56.0,58.0,53.1,57.05,57.05,56.64,182820,1035458150000.0,5412.0,107959.0,0.5905
42,42,42,42,42,42,42,42,42,42,42,42,42,42,42,42,3385,2019-02-28,SANGHIIND,EQ,57.05,57.5,57.5,55.4,56.35,55.95,56.15,38113,214012850000.0,578.0,28652.0,0.7518000000000001
43,43,43,43,43,43,43,43,43,43,43,43,43,43,43,43,3386,2019-03-01,SANGHIIND,EQ,55.95,55.65,61.3,55.65,59.1,60.1,59.15,146574,866987205000.0001,2092.0,78666.0,0.5367000000000001
44,44,44,44,44,44,44,44,44,44,44,44,44,44,44,44,3387,2019-03-05,SANGHIIND,EQ,60.1,60.5,63.85,59.7,62.85,62.65,62.77,238110,1494657835000.0,1180.0,191529.0,0.8044
45,45,45,45,45,45,45,45,45,45,45,45,45,45,45,45,3388,2019-03-06,SANGHIIND,EQ,62.65,64.3,64.7,62.7,64.0,63.95,63.84,110907,708058590000.0,837.0,76906.0,0.6934
46,46,46,46,46,46,46,46,46,46,46,46,46,46,46,46,3389,2019-03-07,SANGHIIND,EQ,63.95,63.5,66.8,62.05,64.7,64.85,64.4,98000,631089595000.0,860.0,54377.0,0.5549000000000001
47,47,47,47,47,47,47,47,47,47,47,47,47,47,47,47,3390,2019-03-08,SANGHIIND,EQ,64.85,64.05,65.35,63.0,64.0,64.55,64.44,54167,349073350000.0,588.0,27506.0,0.5078
48,48,48,48,48,48,48,48,48,48,48,48,48,48,48,48,3391,2019-03-11,SANGHIIND,EQ,64.55,64.0,66.75,63.1,66.65,66.15,65.56,114138,748280955000.0,1005.0,51931.0,0.455
49,49,49,49,49,49,49,49,49,49,49,49,49,49,49,49,3392,2019-03-12,SANGHIIND,EQ,66.15,66.9,67.75,64.8,64.8,65.4,66.19,88870,588236335000.0,1232.0,59994.0,0.6751
50,50,50,50,50,50,50,50,50,50,50,50,50,50,50,50,3393,2019-03-13,SANGHIIND,EQ,65.4,65.5,65.8,62.0,62.0,62.25,63.08,93642,590685265000.0,875.0,67080.0,0.7162999999999999
51,51,51,51,51,51,51,51,51,51,51,51,51,51,51,51,3394,2019-03-14,SANGHIIND,EQ,62.25,62.0,63.55,60.0,60.5,60.3,60.79,126627,769752155000.0,2109.0,80539.0,0.636
52,52,52,52,52,52,52,52,52,52,52,52,52,52,52,52,3395,2019-03-15,SANGHIIND,EQ,60.3,60.1,62.0,59.3,59.35,60.15,60.75,89486,543631605000.0,776.0,56565.0,0.6321
53,53,53,53,53,53,53,53,53,53,53,53,53,53,53,53,3396,2019-03-18,SANGHIIND,EQ,60.15,60.55,61.05,59.7,60.1,60.35,60.63,464316,2815220565000.0,371.0,444902.0,0.9582
54,54,54,54,54,54,54,54,54,54,54,54,54,54,54,54,3397,2019-03-19,SANGHIIND,EQ,60.35,60.1,61.7,59.95,60.35,60.3,60.85,65887,400898675000.0,596.0,27525.0,0.4178
55,55,55,55,55,55,55,55,55,55,55,55,55,55,55,55,3398,2019-03-20,SANGHIIND,EQ,60.3,60.9,61.0,60.0,60.15,60.55,60.56,45061,272895870000.0001,509.0,31326.0,0.6951999999999999
56,56,56,56,56,56,56,56,56,56,56,56,56,56,56,56,3399,2019-03-22,SANGHIIND,EQ,60.55,60.55,61.35,59.9,60.0,60.05,60.45,51295,310064940000.0,513.0,41184.0,0.8029000000000001
57,57,57,57,57,57,57,57,57,57,57,57,57,57,57,57,3400,2019-03-25,SANGHIIND,EQ,60.05,59.95,59.95,58.3,58.55,58.85,58.9,25713,151440630000.0,442.0,16107.0,0.6264000000000001
58,58,58,58,58,58,58,58,58,58,58,58,58,58,58,58,3401,2019-03-26,SANGHIIND,EQ,58.85,58.4,59.3,58.0,59.0,59.05,58.84,34999,205930625000.0,811.0,23978.0,0.6851
59,59,59,59,59,59,59,59,59,59,59,59,59,59,59,59,3402,2019-03-27,SANGHIIND,EQ,59.05,60.7,60.95,59.1,60.5,60.05,60.11,57429,345207855000.0,788.0,30568.0,0.5323
60,60,60,60,60,60,60,60,60,60,60,60,60,60,60,60,3403,2019-03-28,SANGHIIND,EQ,60.05,60.1,60.7,59.6,60.5,60.25,60.03,67869,407425220000.0,531.0,60834.0,0.8963
61,61,61,61,61,61,61,61,61,61,61,61,61,61,61,61,3404,2019-03-29,SANGHIIND,EQ,60.25,60.65,63.35,59.75,62.5,62.25,61.27,129238,791807985000.0,1005.0,81550.0,0.631
62,62,62,62,62,62,62,62,62,62,62,62,62,62,62,62,3405,2019-04-01,SANGHIIND,EQ,62.25,63.4,69.95,63.4,65.75,65.75,66.44,410580,2727941900000.0,3117.0,198791.0,0.4842
63,63,63,63,63,63,63,63,63,63,63,63,63,63,63,63,3406,2019-04-02,SANGHIIND,EQ,65.75,65.1,66.7,63.6,63.75,64.3,64.63,82475,533047125000.0,1339.0,64930.0,0.7873000000000001
64,64,64,64,64,64,64,64,64,64,64,64,64,64,64,64,3407,2019-04-03,SANGHIIND,EQ,64.3,64.3,66.1,62.25,62.6,62.75,64.62,147551,953521845000.0,1571.0,97574.0,0.6613
65,65,65,65,65,65,65,65,65,65,65,65,65,65,65,65,3408,2019-04-04,SANGHIIND,EQ,62.75,62.75,65.8,62.45,64.85,64.5,64.32,74689,480423815000.0001,1185.0,38465.0,0.515
66,66,66,66,66,66,66,66,66,66,66,66,66,66,66,66,3409,2019-04-05,SANGHIIND,EQ,64.5,64.85,65.75,64.0,64.0,64.2,64.76,33092,214293920000.00006,533.0,19352.0,0.5848
67,67,67,67,67,67,67,67,67,67,67,67,67,67,67,67,3410,2019-04-08,SANGHIIND,EQ,64.2,64.35,65.75,61.75,62.35,62.4,63.34,54172,343132935000.0,589.0,38407.0,0.7090000000000001
68,68,68,68,68,68,68,68,68,68,68,68,68,68,68,68,3411,2019-04-09,SANGHIIND,EQ,62.4,62.65,63.55,60.7,61.65,61.6,62.16,81461,506362000000.0,1223.0,40375.0,0.4956
69,69,69,69,69,69,69,69,69,69,69,69,69,69,69,69,3412,2019-04-10,SANGHIIND,EQ,61.6,62.75,62.9,61.3,62.7,62.15,62.12,39437,244976945000.0001,487.0,24459.0,0.6202000000000001
70,70,70,70,70,70,70,70,70,70,70,70,70,70,70,70,3413,2019-04-11,SANGHIIND,EQ,62.15,62.75,63.0,62.05,62.6,62.7,62.55,34074,213117195000.00006,1000.0,13226.0,0.3882
71,71,71,71,71,71,71,71,71,71,71,71,71,71,71,71,3414,2019-04-12,SANGHIIND,EQ,62.7,62.45,63.8,62.2,63.25,63.4,62.91,82942,521796900000.0,897.0,56115.0,0.6766
72,72,72,72,72,72,72,72,72,72,72,72,72,72,72,72,3415,2019-04-15,SANGHIIND,EQ,63.4,63.45,64.65,63.1,64.5,64.25,64.17,23990,153948395000.0,854.0,13830.0,0.5765
73,73,73,73,73,73,73,73,73,73,73,73,73,73,73,73,3416,2019-04-16,SANGHIIND,EQ,64.25,64.25,65.7,63.1,65.0,65.25,64.93,97090,630396675000.0,599.0,75200.0,0.7745000000000001
74,74,74,74,74,74,74,74,74,74,74,74,74,74,74,74,3417,2019-04-18,SANGHIIND,EQ,65.25,64.85,65.4,62.6,63.35,63.75,63.64,37368,237811140000.0,447.0,24575.0,0.6576000000000001
75,75,75,75,75,75,75,75,75,75,75,75,75,75,75,75,3418,2019-04-22,SANGHIIND,EQ,63.75,62.0,64.95,60.5,60.5,60.7,62.1,35980,223424520000.00006,623.0,19873.0,0.5523
76,76,76,76,76,76,76,76,76,76,76,76,76,76,76,76,3419,2019-04-23,SANGHIIND,EQ,60.7,61.45,62.5,60.5,61.0,60.8,61.34,35872,220034900000.0,580.0,22801.0,0.6356
77,77,77,77,77,77,77,77,77,77,77,77,77,77,77,77,3420,2019-04-24,SANGHIIND,EQ,60.8,61.9,63.4,60.25,63.0,62.85,61.91,34299,212357895000.00006,632.0,17535.0,0.5112
78,78,78,78,78,78,78,78,78,78,78,78,78,78,78,78,3421,2019-04-25,SANGHIIND,EQ,62.85,64.1,65.2,62.5,62.65,63.35,64.05,214863,1376146185000.0,2177.0,94197.0,0.4384000000000001
79,79,79,79,79,79,79,79,79,79,79,79,79,79,79,79,3422,2019-04-26,SANGHIIND,EQ,63.35,63.4,63.75,61.2,62.6,62.5,63.01,48928,308287635000.0,511.0,27219.0,0.5563
80,80,80,80,80,80,80,80,80,80,80,80,80,80,80,80,3423,2019-04-30,SANGHIIND,EQ,62.5,61.4,63.5,60.75,61.2,61.25,61.41,36335,223141500000.0,375.0,22180.0,0.6104
81,81,81,81,81,81,81,81,81,81,81,81,81,81,81,81,3424,2019-05-02,SANGHIIND,EQ,61.25,61.1,61.9,60.6,61.0,61.0,61.04,48988,299012955000.0,799.0,36757.0,0.7503000000000001
82,82,82,82,82,82,82,82,82,82,82,82,82,82,82,82,3425,2019-05-03,SANGHIIND,EQ,61.0,61.9,62.5,61.0,61.05,61.1,61.42,31482,193367280000.0,231.0,23275.0,0.7393000000000001
83,83,83,83,83,83,83,83,83,83,83,83,83,83,83,83,3426,2019-05-06,SANGHIIND,EQ,61.1,60.25,61.05,60.25,60.3,60.55,60.7,26647,161739935000.0,872.0,17074.0,0.6406999999999999
84,84,84,84,84,84,84,84,84,84,84,84,84,84,84,84,3427,2019-05-07,SANGHIIND,EQ,60.55,60.5,62.15,60.25,60.5,60.6,60.99,31899,194567415000.0,538.0,20376.0,0.6388
85,85,85,85,85,85,85,85,85,85,85,85,85,85,85,85,3428,2019-05-08,SANGHIIND,EQ,60.6,60.5,60.65,58.95,59.5,59.35,59.59,93590,557711665000.0,3647.0,64987.0,0.6944
86,86,86,86,86,86,86,86,86,86,86,86,86,86,86,86,3429,2019-05-09,SANGHIIND,EQ,59.35,58.9,60.3,58.85,59.75,59.9,59.37,24707,146683215000.0,528.0,13843.0,0.5603
87,87,87,87,87,87,87,87,87,87,87,87,87,87,87,87,3430,2019-05-10,SANGHIIND,EQ,59.9,59.25,61.05,58.7,60.15,59.95,59.7,66946,399690670000.0,738.0,48767.0,0.7284999999999999
88,88,88,88,88,88,88,88,88,88,88,88,88,88,88,88,3431,2019-05-13,SANGHIIND,EQ,59.95,60.0,60.3,58.75,59.2,59.15,59.34,68017,403615620000.0,460.0,58003.0,0.8528
89,89,89,89,89,89,89,89,89,89,89,89,89,89,89,89,3432,2019-05-14,SANGHIIND,EQ,59.15,59.2,59.8,58.5,59.0,59.0,59.02,41807,246753750000.0,585.0,32569.0,0.779
90,90,90,90,90,90,90,90,90,90,90,90,90,90,90,90,3433,2019-05-15,SANGHIIND,EQ,59.0,59.0,59.55,58.35,59.15,59.0,58.97,46945,276828045000.0,888.0,35937.0,0.7655
91,91,91,91,91,91,91,91,91,91,91,91,91,91,91,91,3434,2019-05-16,SANGHIIND,EQ,59.0,59.15,59.15,58.2,58.4,58.5,58.5,33467,195779400000.0,256.0,27963.0,0.8355
92,92,92,92,92,92,92,92,92,92,92,92,92,92,92,92,3435,2019-05-17,SANGHIIND,EQ,58.5,58.2,59.75,58.2,59.05,59.1,58.95,37775,222697650000.0,437.0,29638.0,0.7846
93,93,93,93,93,93,93,93,93,93,93,93,93,93,93,93,3436,2019-05-20,SANGHIIND,EQ,59.1,64.6,64.6,61.0,63.65,63.45,62.48,120981,755949555000.0,2558.0,82967.0,0.6858
94,94,94,94,94,94,94,94,94,94,94,94,94,94,94,94,3437,2019-05-21,SANGHIIND,EQ,63.45,64.9,64.9,61.95,62.5,62.4,62.64,146341,916678845000.0,753.0,129051.0,0.8819
95,95,95,95,95,95,95,95,95,95,95,95,95,95,95,95,3438,2019-05-22,SANGHIIND,EQ,62.4,61.65,65.0,61.65,64.7,64.25,63.57,67550,429443945000.0,1162.0,47049.0,0.6965000000000001
96,96,96,96,96,96,96,96,96,96,96,96,96,96,96,96,3439,2019-05-23,SANGHIIND,EQ,64.25,65.0,66.9,64.0,64.7,64.35,65.67,126245,829053415000.0,1187.0,90023.0,0.7131000000000001
97,97,97,97,97,97,97,97,97,97,97,97,97,97,97,97,3440,2019-05-24,SANGHIIND,EQ,64.35,64.45,70.0,63.95,69.7,69.45,68.51,262727,1800047810000.0002,1662.0,148088.0,0.5637
98,98,98,98,98,98,98,98,98,98,98,98,98,98,98,98,3441,2019-05-27,SANGHIIND,EQ,69.45,70.1,72.5,69.2,70.25,71.05,70.81,171537,1214728680000.0,1234.0,98660.0,0.5752
99,99,99,99,99,99,99,99,99,99,99,99,99,99,99,99,3442,2019-05-28,SANGHIIND,EQ,71.05,71.75,72.05,69.6,69.6,70.25,70.67,95763,676758755000.0,657.0,63403.0,0.6620999999999999
100,100,100,100,100,100,100,100,100,100,100,100,100,100,100,100,3443,2019-05-29,SANGHIIND,EQ,70.25,71.7,71.7,67.95,68.0,68.25,68.88,79113,544954730000.0,530.0,66212.0,0.8369
101,101,101,101,101,101,101,101,101,101,101,101,101,101,101,101,3444,2019-05-30,SANGHIIND,EQ,68.25,68.1,69.0,68.1,68.6,68.6,68.49,26199,179430205000.0,378.0,13997.0,0.5343
102,102,102,102,102,102,102,102,102,102,102,102,102,102,102,102,3445,2019-05-31,SANGHIIND,EQ,68.6,68.95,71.9,64.2,70.5,70.15,69.06,215797,1490310130000.0,1872.0,123785.0,0.5736
103,103,103,103,103,103,103,103,103,103,103,103,103,103,103,103,3446,2019-06-03,SANGHIIND,EQ,70.15,70.0,71.9,68.5,69.25,69.65,70.31,84399,593411860000.0,983.0,50586.0,0.5994
104,104,104,104,104,104,104,104,104,104,104,104,104,104,104,104,3447,2019-06-04,SANGHIIND,EQ,69.65,69.9,70.5,64.8,65.0,65.8,66.94,150785,1009402505000.0,1115.0,120538.0,0.7994
105,105,105,105,105,105,105,105,105,105,105,105,105,105,105,105,3448,2019-06-06,SANGHIIND,EQ,65.8,66.0,66.0,61.25,63.3,63.05,63.05,110540,696987865000.0,1353.0,75423.0,0.6823
106,106,106,106,106,106,106,106,106,106,106,106,106,106,106,106,3449,2019-06-07,SANGHIIND,EQ,63.05,63.3,64.6,62.0,63.0,63.1,63.04,142529,898455544999.9999,873.0,108540.0,0.7615000000000001
107,107,107,107,107,107,107,107,107,107,107,107,107,107,107,107,3450,2019-06-10,SANGHIIND,EQ,63.1,63.05,63.75,62.8,63.4,63.3,63.14,68128,430129930000.0,651.0,54662.0,0.8023
108,108,108,108,108,108,108,108,108,108,108,108,108,108,108,108,3451,2019-06-11,SANGHIIND,EQ,63.3,63.05,64.4,62.9,63.25,63.55,63.58,40915,260120765000.0,365.0,31902.0,0.7797000000000001
109,109,109,109,109,109,109,109,109,109,109,109,109,109,109,109,3452,2019-06-12,SANGHIIND,EQ,63.55,63.55,63.95,62.55,62.9,62.95,63.28,20708,131045250000.0,477.0,8760.0,0.423
110,110,110,110,110,110,110,110,110,110,110,110,110,110,110,110,3453,2019-06-13,SANGHIIND,EQ,62.95,62.15,64.5,60.7,63.0,62.95,62.82,28739,180531700000.0,466.0,17472.0,0.608
111,111,111,111,111,111,111,111,111,111,111,111,111,111,111,111,3454,2019-06-14,SANGHIIND,EQ,62.95,62.1,63.2,62.0,62.0,62.2,62.42,31629,197443880000.0,405.0,21064.0,0.6659999999999999
112,112,112,112,112,112,112,112,112,112,112,112,112,112,112,112,3455,2019-06-17,SANGHIIND,EQ,62.2,62.15,64.8,60.1,64.0,64.0,63.19,121861,769994685000.0,3718.0,97003.0,0.745
113,113,113,113,113,113,113,113,113,113,113,113,113,113,113,113,3456,2019-06-18,SANGHIIND,EQ,64.0,64.9,64.9,62.9,63.5,63.05,63.14,30363,191722810000.0,446.0,24297.0,0.768
114,114,114,114,114,114,114,114,114,114,114,114,114,114,114,114,3457,2019-06-19,SANGHIIND,EQ,63.05,63.45,63.55,61.25,61.8,61.95,62.01,71879,445694880000.0,1087.0,57602.0,0.8014
115,115,115,115,115,115,115,115,115,115,115,115,115,115,115,115,3458,2019-06-20,SANGHIIND,EQ,61.95,61.85,64.0,60.2,63.5,63.25,62.4,124374,776145010000.0,646.0,107158.0,0.8616
116,116,116,116,116,116,116,116,116,116,116,116,116,116,116,116,3459,2019-06-21,SANGHIIND,EQ,63.25,62.1,63.2,61.65,62.0,62.2,62.38,46722,291431620000.0,2326.0,36159.0,0.7739
117,117,117,117,117,117,117,117,117,117,117,117,117,117,117,117,3460,2019-06-24,SANGHIIND,EQ,62.2,62.05,62.5,61.0,62.5,61.5,61.32,27586,169166250000.0,280.0,20813.0,0.7545000000000001
118,118,118,118,118,118,118,118,118,118,118,118,118,118,118,118,3461,2019-06-25,SANGHIIND,EQ,61.5,61.35,62.4,60.85,61.4,61.55,61.28,22882,140214100000.0,688.0,17004.0,0.7431
119,119,119,119,119,119,119,119,119,119,119,119,119,119,119,119,3462,2019-06-26,SANGHIIND,EQ,61.55,61.4,62.55,61.1,62.05,62.0,61.92,38227,236712145000.0001,1019.0,26385.0,0.6901999999999999
120,120,120,120,120,120,120,120,120,120,120,120,120,120,120,120,3463,2019-06-27,SANGHIIND,EQ,62.0,62.95,63.4,62.05,63.0,62.35,62.67,25056,157030260000.0,340.0,13159.0,0.5252
121,121,121,121,121,121,121,121,121,121,121,121,121,121,121,121,3464,2019-06-28,SANGHIIND,EQ,62.35,63.45,63.45,61.4,62.5,62.2,62.41,31503,196617015000.0,415.0,19200.0,0.6095
122,122,122,122,122,122,122,122,122,122,122,122,122,122,122,122,3465,2019-07-01,SANGHIIND,EQ,62.2,62.1,63.0,61.5,62.5,62.5,62.51,38877,243037710000.0,488.0,27169.0,0.6988
123,123,123,123,123,123,123,123,123,123,123,123,123,123,123,123,3466,2019-07-02,SANGHIIND,EQ,62.5,62.1,62.9,61.75,62.9,62.7,62.39,33778,210738685000.0,1711.0,25232.0,0.747
124,124,124,124,124,124,124,124,124,124,124,124,124,124,124,124,3467,2019-07-03,SANGHIIND,EQ,62.7,62.5,66.9,62.5,64.8,64.85,63.12,1136007,7170959855000.0,985.0,1092524.0,0.9617
125,125,125,125,125,125,125,125,125,125,125,125,125,125,125,125,3468,2019-07-04,SANGHIIND,EQ,64.85,64.4,66.6,64.35,66.0,66.05,65.67,54271,356411440000.0,951.0,36548.0,0.6734
126,126,126,126,126,126,126,126,126,126,126,126,126,126,126,126,3469,2019-07-05,SANGHIIND,EQ,66.05,67.05,68.0,63.2,64.8,64.9,66.0,113119,746574505000.0,916.0,78752.0,0.6962
127,127,127,127,127,127,127,127,127,127,127,127,127,127,127,127,3470,2019-07-08,SANGHIIND,EQ,64.9,64.4,64.5,61.2,62.0,62.0,62.35,97958,610800635000.0,716.0,84307.0,0.8606
128,128,128,128,128,128,128,128,128,128,128,128,128,128,128,128,3471,2019-07-09,SANGHIIND,EQ,62.0,62.1,67.7,61.3,67.7,66.4,65.35,151991,993199545000.0,1038.0,122692.0,0.8072
129,129,129,129,129,129,129,129,129,129,129,129,129,129,129,129,3472,2019-07-10,SANGHIIND,EQ,66.4,67.7,67.7,63.6,66.3,65.7,65.27,36327,237110295000.0001,626.0,22149.0,0.6097
130,130,130,130,130,130,130,130,130,130,130,130,130,130,130,130,3473,2019-07-11,SANGHIIND,EQ,65.7,65.7,66.4,64.2,66.0,65.95,65.78,80147,527239205000.0,1329.0,46853.0,0.5846
131,131,131,131,131,131,131,131,131,131,131,131,131,131,131,131,3474,2019-07-12,SANGHIIND,EQ,65.95,66.0,66.45,64.15,64.15,64.4,65.05,16630,108173345000.0,386.0,10610.0,0.638
132,132,132,132,132,132,132,132,132,132,132,132,132,132,132,132,3475,2019-07-15,SANGHIIND,EQ,64.4,64.1,64.85,62.35,63.0,62.85,63.04,227096,1431673270000.0,517.0,212518.0,0.9358
133,133,133,133,133,133,133,133,133,133,133,133,133,133,133,133,3476,2019-07-16,SANGHIIND,EQ,62.85,62.45,63.75,62.45,63.4,63.45,63.33,12572,79616735000.0,209.0,6030.0,0.4796
134,134,134,134,134,134,134,134,134,134,134,134,134,134,134,134,3477,2019-07-17,SANGHIIND,EQ,63.45,63.9,63.9,62.5,62.5,62.8,63.04,24410,153868990000.0,385.0,18967.0,0.777
135,135,135,135,135,135,135,135,135,135,135,135,135,135,135,135,3478,2019-07-18,SANGHIIND,EQ,62.8,62.6,63.4,62.6,63.0,62.9,62.9,25362,159538605000.0,226.0,21864.0,0.8621
136,136,136,136,136,136,136,136,136,136,136,136,136,136,136,136,3479,2019-07-19,SANGHIIND,EQ,62.9,62.1,64.6,62.1,64.0,63.95,63.49,53003,336494220000.0,1012.0,34171.0,0.6447
137,137,137,137,137,137,137,137,137,137,137,137,137,137,137,137,3480,2019-07-22,SANGHIIND,EQ,63.95,62.55,63.4,61.5,62.05,62.2,62.27,42106,262212860000.0,365.0,24944.0,0.5924
138,138,138,138,138,138,138,138,138,138,138,138,138,138,138,138,3481,2019-07-23,SANGHIIND,EQ,62.2,62.5,63.0,61.75,62.0,61.95,62.07,23683,146997990000.0,248.0,18400.0,0.7769
139,139,139,139,139,139,139,139,139,139,139,139,139,139,139,139,3482,2019-07-24,SANGHIIND,EQ,61.95,62.1,62.6,61.75,62.2,62.15,62.06,15713,97508320000.0,234.0,11056.0,0.7036
140,140,140,140,140,140,140,140,140,140,140,140,140,140,140,140,3483,2019-07-25,SANGHIIND,EQ,62.15,62.35,62.75,61.4,62.15,62.0,62.01,93773,581489735000.0,218.0,88248.0,0.9411
141,141,141,141,141,141,141,141,141,141,141,141,141,141,141,141,3484,2019-07-26,SANGHIIND,EQ,62.0,61.8,62.4,61.35,62.1,62.25,61.96,20755,128599655000.0,163.0,17889.0,0.8619
142,142,142,142,142,142,142,142,142,142,142,142,142,142,142,142,3485,2019-07-29,SANGHIIND,EQ,62.25,63.25,63.25,61.1,62.3,62.0,61.74,55624,343435925000.0,381.0,48119.0,0.8651000000000001
143,143,143,143,143,143,143,143,143,143,143,143,143,143,143,143,3486,2019-07-30,SANGHIIND,EQ,62.0,61.1,62.3,57.6,58.15,58.1,60.88,200452,1220271665000.0,1161.0,187316.0,0.9345
144,144,144,144,144,144,144,144,144,144,144,144,144,144,144,144,3487,2019-07-31,SANGHIIND,EQ,58.1,58.15,58.55,55.6,56.9,56.7,56.67,48433,274467500000.0,456.0,37852.0,0.7815000000000001
145,145,145,145,145,145,145,145,145,145,145,145,145,145,145,145,3488,2019-08-01,SANGHIIND,EQ,56.7,56.65,57.2,55.2,55.25,55.55,56.31,18731,105468900000.0,249.0,13852.0,0.7395
146,146,146,146,146,146,146,146,146,146,146,146,146,146,146,146,3489,2019-08-02,SANGHIIND,EQ,55.55,55.25,57.9,53.75,56.0,56.0,55.42,37183,206083440000.0,425.0,18289.0,0.4919
147,147,147,147,147,147,147,147,147,147,147,147,147,147,147,147,3490,2019-08-05,SANGHIIND,EQ,56.0,56.0,56.7,52.85,56.7,56.3,54.94,38640,212271285000.0,488.0,18743.0,0.4851
148,148,148,148,148,148,148,148,148,148,148,148,148,148,148,148,3491,2019-08-06,SANGHIIND,EQ,56.3,55.0,57.9,55.0,57.9,57.5,56.85,9033,51352115000.0,185.0,7169.0,0.7936
149,149,149,149,149,149,149,149,149,149,149,149,149,149,149,149,3492,2019-08-07,SANGHIIND,EQ,57.5,57.15,58.8,56.2,56.6,57.3,57.57,27095,155980695000.0,365.0,17698.0,0.6531999999999999
150,150,150,150,150,150,150,150,150,150,150,150,150,150,150,150,3493,2019-08-08,SANGHIIND,EQ,57.3,57.0,58.1,56.15,56.8,56.35,57.1,13010,74287475000.0,150.0,9164.0,0.7044
151,151,151,151,151,151,151,151,151,151,151,151,151,151,151,151,3494,2019-08-09,SANGHIIND,EQ,56.35,56.9,61.4,56.0,56.9,57.0,57.95,22200,128655895000.0,407.0,10617.0,0.4782
152,152,152,152,152,152,152,152,152,152,152,152,152,152,152,152,3495,2019-08-13,SANGHIIND,EQ,57.0,57.25,60.95,56.0,56.2,56.4,58.36,112196,654772205000.0,1479.0,24661.0,0.2198
153,153,153,153,153,153,153,153,153,153,153,153,153,153,153,153,3496,2019-08-14,SANGHIIND,EQ,56.4,57.25,57.6,55.7,55.9,56.05,56.58,54313,307300405000.0,341.0,46778.0,0.8613
154,154,154,154,154,154,154,154,154,154,154,154,154,154,154,154,3497,2019-08-16,SANGHIIND,EQ,56.05,56.0,57.0,55.0,56.05,56.05,55.99,85721,479937780000.0,495.0,71589.0,0.8351000000000001
155,155,155,155,155,155,155,155,155,155,155,155,155,155,155,155,3498,2019-08-19,SANGHIIND,EQ,56.05,56.45,56.9,56.0,56.3,56.05,56.2,26105,146705010000.0,409.0,18359.0,0.7033
156,156,156,156,156,156,156,156,156,156,156,156,156,156,156,156,3499,2019-08-20,SANGHIIND,EQ,56.05,55.05,56.4,54.75,54.95,55.25,55.89,63415,354403870000.0,373.0,51975.0,0.8196
157,157,157,157,157,157,157,157,157,157,157,157,157,157,157,157,3500,2019-08-21,SANGHIIND,EQ,55.25,55.95,56.5,52.2,53.35,53.35,54.26,43675,236983930000.0,447.0,22979.0,0.5261
158,158,158,158,158,158,158,158,158,158,158,158,158,158,158,158,3501,2019-08-22,SANGHIIND,EQ,53.35,54.35,54.35,49.1,49.25,50.05,51.09,36701,187519880000.0,492.0,21890.0,0.5964
159,159,159,159,159,159,159,159,159,159,159,159,159,159,159,159,3502,2019-08-23,SANGHIIND,EQ,50.05,49.5,51.0,47.0,48.75,48.75,49.47,76806,379921700000.0,639.0,53239.0,0.6931999999999999
160,160,160,160,160,160,160,160,160,160,160,160,160,160,160,160,3503,2019-08-26,SANGHIIND,EQ,48.75,49.0,50.7,48.0,48.35,48.75,49.72,112317,558408825000.0,649.0,99529.0,0.8861
161,161,161,161,161,161,161,161,161,161,161,161,161,161,161,161,3504,2019-08-27,SANGHIIND,EQ,48.75,48.55,51.8,48.55,49.7,49.85,50.24,89205,448203790000.0001,775.0,54093.0,0.6064
162,162,162,162,162,162,162,162,162,162,162,162,162,162,162,162,3505,2019-08-28,SANGHIIND,EQ,49.85,50.9,50.9,47.1,48.1,48.1,48.55,45879,222724745000.00006,522.0,28824.0,0.6283
163,163,163,163,163,163,163,163,163,163,163,163,163,163,163,163,3506,2019-08-29,SANGHIIND,EQ,48.1,47.75,48.55,47.3,47.6,47.75,47.73,16731,79855910000.0,235.0,9280.0,0.5547
164,164,164,164,164,164,164,164,164,164,164,164,164,164,164,164,3507,2019-08-30,SANGHIIND,EQ,47.75,47.8,48.5,47.1,47.5,47.6,47.57,22537,107213975000.0,251.0,15202.0,0.6745
165,165,165,165,165,165,165,165,165,165,165,165,165,165,165,165,3508,2019-09-03,SANGHIIND,EQ,47.6,47.55,47.7,46.1,47.3,46.95,46.71,28163,131556939999.99995,364.0,14073.0,0.4997
166,166,166,166,166,166,166,166,166,166,166,166,166,166,166,166,3509,2019-09-04,SANGHIIND,EQ,46.95,47.1,48.2,46.4,48.1,48.0,46.86,62595,293349415000.0,409.0,46658.0,0.7454000000000001
167,167,167,167,167,167,167,167,167,167,167,167,167,167,167,167,3510,2019-09-05,SANGHIIND,EQ,48.0,48.15,49.0,47.4,48.4,48.3,48.14,16970,81699825000.0,176.0,10368.0,0.611
168,168,168,168,168,168,168,168,168,168,168,168,168,168,168,168,3511,2019-09-06,SANGHIIND,EQ,48.3,48.15,51.95,48.0,50.25,49.95,49.41,38751,191476710000.0,320.0,28327.0,0.731
169,169,169,169,169,169,169,169,169,169,169,169,169,169,169,169,3512,2019-09-09,SANGHIIND,EQ,49.95,49.9,51.2,48.15,50.35,50.55,50.12,36469,182769000000.0,343.0,21916.0,0.6009000000000001
170,170,170,170,170,170,170,170,170,170,170,170,170,170,170,170,3513,2019-09-11,SANGHIIND,EQ,50.55,50.95,54.65,49.05,53.75,53.85,52.74,85979,453489045000.0,741.0,40130.0,0.4667
171,171,171,171,171,171,171,171,171,171,171,171,171,171,171,171,3514,2019-09-12,SANGHIIND,EQ,53.85,56.9,56.9,53.05,53.45,53.25,54.2,43865,237744300000.0,429.0,23969.0,0.5464
172,172,172,172,172,172,172,172,172,172,172,172,172,172,172,172,3515,2019-09-13,SANGHIIND,EQ,53.25,54.0,54.2,52.25,52.75,52.7,53.03,68471,363096565000.0,354.0,57028.0,0.8329000000000001
173,173,173,173,173,173,173,173,173,173,173,173,173,173,173,173,3516,2019-09-16,SANGHIIND,EQ,52.7,52.8,54.25,50.3,52.0,52.3,52.86,27879,147380590000.0,441.0,18827.0,0.6753
174,174,174,174,174,174,174,174,174,174,174,174,174,174,174,174,3517,2019-09-17,SANGHIIND,EQ,52.3,52.1,54.4,50.1,50.4,50.65,52.13,51809,270105390000.0,1314.0,37168.0,0.7173999999999999
175,175,175,175,175,175,175,175,175,175,175,175,175,175,175,175,3518,2019-09-18,SANGHIIND,EQ,50.65,50.7,52.2,49.35,50.0,50.55,50.48,75415,380681325000.0,749.0,53920.0,0.715
176,176,176,176,176,176,176,176,176,176,176,176,176,176,176,176,3519,2019-09-19,SANGHIIND,EQ,50.55,50.9,50.9,49.0,49.15,49.3,49.59,49060,243297155000.0,460.0,39462.0,0.8044
177,177,177,177,177,177,177,177,177,177,177,177,177,177,177,177,3520,2019-09-20,SANGHIIND,EQ,49.3,50.15,52.05,47.15,49.25,50.0,50.05,405755,2030887450000.0,3011.0,269943.0,0.6653
178,178,178,178,178,178,178,178,178,178,178,178,178,178,178,178,3521,2019-09-23,SANGHIIND,EQ,50.0,50.45,57.9,50.0,57.15,56.75,54.61,257063,1403858720000.0,1807.0,162737.0,0.6331
179,179,179,179,179,179,179,179,179,179,179,179,179,179,179,179,3522,2019-09-24,SANGHIIND,EQ,56.75,56.75,58.0,54.2,54.45,54.75,56.21,59279,333201475000.0,711.0,30587.0,0.516
180,180,180,180,180,180,180,180,180,180,180,180,180,180,180,180,3523,2019-09-25,SANGHIIND,EQ,54.75,54.75,54.95,53.35,53.6,53.55,54.02,33772,182425825000.0,469.0,17476.0,0.5175
181,181,181,181,181,181,181,181,181,181,181,181,181,181,181,181,3524,2019-09-26,SANGHIIND,EQ,53.55,53.6,55.8,53.0,53.35,53.5,54.01,34598,186849440000.0,325.0,15930.0,0.4604
182,182,182,182,182,182,182,182,182,182,182,182,182,182,182,182,3525,2019-09-27,SANGHIIND,EQ,53.5,53.9,59.8,52.25,52.45,53.25,56.04,329013,1843688025000.0,2695.0,97079.0,0.29510000000000003
183,183,183,183,183,183,183,183,183,183,183,183,183,183,183,183,3526,2019-09-30,SANGHIIND,EQ,53.25,53.8,54.0,50.25,51.2,51.0,51.83,81773,423820735000.0,636.0,58885.0,0.7201000000000001
184,184,184,184,184,184,184,184,184,184,184,184,184,184,184,184,3527,2019-10-01,SANGHIIND,EQ,51.0,51.8,52.45,50.1,51.5,51.65,50.95,49341,251393640000.0,351.0,35855.0,0.7267
185,185,185,185,185,185,185,185,185,185,185,185,185,185,185,185,3528,2019-10-03,SANGHIIND,EQ,51.65,50.5,52.8,50.0,50.25,50.7,50.91,73690,375147640000.0,479.0,55198.0,0.7491
186,186,186,186,186,186,186,186,186,186,186,186,186,186,186,186,3529,2019-10-04,SANGHIIND,EQ,50.7,50.7,51.5,48.3,49.2,49.5,49.66,59169,293837460000.0,576.0,38623.0,0.6528
187,187,187,187,187,187,187,187,187,187,187,187,187,187,187,187,3530,2019-10-07,SANGHIIND,EQ,49.5,51.75,51.75,48.0,48.2,48.35,49.03,29169,143022280000.0,384.0,16996.0,0.5827
188,188,188,188,188,188,188,188,188,188,188,188,188,188,188,188,3531,2019-10-09,SANGHIIND,EQ,48.35,49.95,49.95,48.0,48.5,48.75,48.66,31086,151278370000.0,460.0,16339.0,0.5256000000000001
189,189,189,189,189,189,189,189,189,189,189,189,189,189,189,189,3532,2019-10-10,SANGHIIND,EQ,48.75,48.7,48.95,47.8,48.3,48.0,48.16,97686,470459910000.0,1007.0,81758.0,0.8369
190,190,190,190,190,190,190,190,190,190,190,190,190,190,190,190,3533,2019-10-11,SANGHIIND,EQ,48.0,50.5,50.55,48.6,48.7,48.75,49.4,120959,597557785000.0,1201.0,66190.0,0.5472
191,191,191,191,191,191,191,191,191,191,191,191,191,191,191,191,3534,2019-10-14,SANGHIIND,EQ,48.75,49.9,49.9,48.0,48.1,48.2,48.72,46076,224498410000.0,511.0,29414.0,0.6384000000000001
192,192,192,192,192,192,192,192,192,192,192,192,192,192,192,192,3535,2019-10-15,SANGHIIND,EQ,48.2,48.3,48.5,46.5,47.45,47.4,47.77,85491,408396375000.0,2407.0,59132.0,0.6917
193,193,193,193,193,193,193,193,193,193,193,193,193,193,193,193,3536,2019-10-16,SANGHIIND,EQ,47.4,48.35,49.8,46.8,49.05,49.0,48.87,540791,2642623535000.0,14191.0,455728.0,0.8427
194,194,194,194,194,194,194,194,194,194,194,194,194,194,194,194,3537,2019-10-17,SANGHIIND,EQ,49.0,48.2,49.0,48.2,48.5,48.65,48.77,43188,210626005000.0,717.0,29587.0,0.6851
195,195,195,195,195,195,195,195,195,195,195,195,195,195,195,195,3538,2019-10-18,SANGHIIND,EQ,48.65,48.65,49.9,48.1,49.05,49.15,49.2,110937,545818835000.0,803.0,80729.0,0.7277
196,196,196,196,196,196,196,196,196,196,196,196,196,196,196,196,3539,2019-10-22,SANGHIIND,EQ,49.15,49.3,49.5,48.1,48.9,48.55,48.72,38791,188991050000.0,508.0,25613.0,0.6603
197,197,197,197,197,197,197,197,197,197,197,197,197,197,197,197,3540,2019-10-23,SANGHIIND,EQ,48.55,48.7,48.7,47.65,47.7,47.75,48.09,45343,218067505000.0,581.0,36780.0,0.8112
198,198,198,198,198,198,198,198,198,198,198,198,198,198,198,198,3541,2019-10-24,SANGHIIND,EQ,47.75,47.65,48.15,46.7,46.9,46.95,47.48,113600,539346305000.0,486.0,93873.0,0.8262999999999999
199,199,199,199,199,199,199,199,199,199,199,199,199,199,199,199,3542,2019-10-25,SANGHIIND,EQ,46.95,46.95,47.15,45.45,46.15,46.0,46.05,63159,290842055000.0,753.0,48952.0,0.7751000000000001
200,200,200,200,200,200,200,200,200,200,200,200,200,200,200,200,3543,2019-10-27,SANGHIIND,EQ,46.0,46.85,48.0,46.85,47.7,47.7,47.65,13837,65932369999.999985,184.0,11331.0,0.8189000000000001
201,201,201,201,201,201,201,201,201,201,201,201,201,201,201,201,3544,2019-10-29,SANGHIIND,EQ,47.7,47.05,47.9,46.85,47.45,47.5,47.34,78141,369940765000.0,891.0,54204.0,0.6937000000000001
202,202,202,202,202,202,202,202,202,202,202,202,202,202,202,202,3545,2019-10-30,SANGHIIND,EQ,47.5,47.25,48.0,45.85,46.0,46.05,46.7,168909,788854795000.0,1273.0,137268.0,0.8127
203,203,203,203,203,203,203,203,203,203,203,203,203,203,203,203,3546,2019-10-31,SANGHIIND,EQ,46.05,46.1,47.2,45.6,46.15,46.05,46.13,188835,871170375000.0,1036.0,160512.0,0.85
204,204,204,204,204,204,204,204,204,204,204,204,204,204,204,204,3547,2019-11-01,SANGHIIND,EQ,46.05,46.25,46.5,43.35,44.4,43.8,44.43,267429,1188086060000.0,1742.0,212106.0,0.7931
205,205,205,205,205,205,205,205,205,205,205,205,205,205,205,205,3548,2019-11-04,SANGHIIND,EQ,43.8,44.45,45.35,43.8,44.15,44.1,44.65,249637,1114654185000.0,1192.0,208514.0,0.8353
206,206,206,206,206,206,206,206,206,206,206,206,206,206,206,206,3549,2019-11-05,SANGHIIND,EQ,44.1,44.35,44.7,43.95,44.0,44.0,44.31,228722,1013402870000.0,1726.0,209952.0,0.9179
207,207,207,207,207,207,207,207,207,207,207,207,207,207,207,207,3550,2019-11-06,SANGHIIND,EQ,44.0,43.95,44.3,43.5,43.95,44.0,43.97,58998,259415840000.0,607.0,50240.0,0.8516
208,208,208,208,208,208,208,208,208,208,208,208,208,208,208,208,3551,2019-11-07,SANGHIIND,EQ,44.0,44.5,44.65,43.75,43.95,44.05,44.31,131830,584192205000.0,1164.0,109874.0,0.8334999999999999
209,209,209,209,209,209,209,209,209,209,209,209,209,209,209,209,3552,2019-11-08,SANGHIIND,EQ,44.05,44.1,44.4,41.75,41.95,41.85,42.3,234663,992671760000.0,1837.0,175915.0,0.7495999999999999
210,210,210,210,210,210,210,210,210,210,210,210,210,210,210,210,3553,2019-11-11,SANGHIIND,EQ,41.85,41.95,44.4,41.9,42.05,42.3,43.4,813750,3531868125000.0,5840.0,280328.0,0.34450000000000003
211,211,211,211,211,211,211,211,211,211,211,211,211,211,211,211,3554,2019-11-13,SANGHIIND,EQ,42.3,42.5,42.5,39.25,39.9,39.7,40.47,238024,963314365000.0,2634.0,192825.0,0.8101
212,212,212,212,212,212,212,212,212,212,212,212,212,212,212,212,3555,2019-11-14,SANGHIIND,EQ,39.7,40.95,40.95,36.8,38.0,38.0,38.19,161398,616314275000.0,2293.0,122799.0,0.7608
213,213,213,213,213,213,213,213,213,213,213,213,213,213,213,213,3556,2019-11-15,SANGHIIND,EQ,38.0,38.45,38.5,37.25,37.8,37.5,37.72,121633,458783965000.0001,2075.0,103594.0,0.8517
214,214,214,214,214,214,214,214,214,214,214,214,214,214,214,214,3557,2019-11-18,SANGHIIND,EQ,37.5,38.4,38.4,37.05,37.8,37.6,37.7,72643,273831815000.0,586.0,62320.0,0.8579000000000001
215,215,215,215,215,215,215,215,215,215,215,215,215,215,215,215,3558,2019-11-19,SANGHIIND,EQ,37.6,37.9,37.9,36.8,36.9,36.9,37.19,157673,586336800000.0,822.0,140024.0,0.8881
216,216,216,216,216,216,216,216,216,216,216,216,216,216,216,216,3559,2019-11-20,SANGHIIND,EQ,36.9,36.0,39.9,35.85,38.15,38.2,38.26,515324,1971443810000.0,3936.0,255804.0,0.4964
217,217,217,217,217,217,217,217,217,217,217,217,217,217,217,217,3560,2019-11-21,SANGHIIND,EQ,38.2,38.45,39.7,36.7,36.75,36.9,37.72,99602,375713485000.0,2310.0,67924.0,0.682
218,218,218,218,218,218,218,218,218,218,218,218,218,218,218,218,3561,2019-11-22,SANGHIIND,EQ,36.9,37.85,38.3,36.6,38.3,37.3,36.97,36370,134459920000.0,556.0,17641.0,0.485
219,219,219,219,219,219,219,219,219,219,219,219,219,219,219,219,3562,2019-11-25,SANGHIIND,EQ,37.3,37.0,38.65,37.0,37.8,38.0,37.85,62787,237661545000.0001,612.0,46535.0,0.7412000000000001
220,220,220,220,220,220,220,220,220,220,220,220,220,220,220,220,3563,2019-11-26,SANGHIIND,EQ,38.0,38.25,39.6,37.8,39.3,38.75,38.67,51605,199550250000.0,537.0,30581.0,0.5926
221,221,221,221,221,221,221,221,221,221,221,221,221,221,221,221,3564,2019-11-27,SANGHIIND,EQ,38.75,38.9,41.45,37.8,40.3,40.4,39.86,238628,951161465000.0,1806.0,108091.0,0.453
222,222,222,222,222,222,222,222,222,222,222,222,222,222,222,222,3565,2019-11-28,SANGHIIND,EQ,40.4,40.35,40.7,39.25,39.55,39.4,39.87,40953,163265710000.0,372.0,22452.0,0.5482
223,223,223,223,223,223,223,223,223,223,223,223,223,223,223,223,3566,2019-11-29,SANGHIIND,EQ,39.4,39.25,40.1,38.85,38.85,39.15,39.45,47657,188029575000.0,453.0,26482.0,0.5557
224,224,224,224,224,224,224,224,224,224,224,224,224,224,224,224,3567,2019-12-02,SANGHIIND,EQ,39.15,38.85,39.0,37.75,38.0,37.95,38.17,57601,219876785000.0,864.0,34573.0,0.6002000000000001
225,225,225,225,225,225,225,225,225,225,225,225,225,225,225,225,3568,2019-12-03,SANGHIIND,EQ,37.95,38.9,38.9,37.0,37.55,37.4,37.5,28203,105765405000.0,378.0,17535.0,0.6217
226,226,226,226,226,226,226,226,226,226,226,226,226,226,226,226,3569,2019-12-04,SANGHIIND,EQ,37.4,37.15,37.9,36.1,37.9,37.45,37.03,40489,149924810000.0,510.0,22124.0,0.5464
227,227,227,227,227,227,227,227,227,227,227,227,227,227,227,227,3570,2019-12-05,SANGHIIND,EQ,37.45,37.85,39.5,37.5,37.75,38.2,38.53,47742,183968155000.0,673.0,23735.0,0.4972
228,228,228,228,228,228,228,228,228,228,228,228,228,228,228,228,3571,2019-12-06,SANGHIIND,EQ,38.2,38.0,38.9,36.35,36.75,36.55,37.04,51848,192060290000.0,593.0,36720.0,0.7081999999999999
229,229,229,229,229,229,229,229,229,229,229,229,229,229,229,229,3572,2019-12-09,SANGHIIND,EQ,36.55,37.75,37.75,36.5,36.8,37.0,37.39,20771,77655870000.0,217.0,10973.0,0.5283
230,230,230,230,230,230,230,230,230,230,230,230,230,230,230,230,3573,2019-12-10,SANGHIIND,EQ,37.0,36.75,37.05,35.1,35.1,35.4,35.97,33475,120400189999.99995,691.0,23500.0,0.7020000000000001
231,231,231,231,231,231,231,231,231,231,231,231,231,231,231,231,3574,2019-12-11,SANGHIIND,EQ,35.4,36.4,36.4,35.05,35.3,35.1,35.31,21985,77630385000.0,333.0,16533.0,0.752
232,232,232,232,232,232,232,232,232,232,232,232,232,232,232,232,3575,2019-12-12,SANGHIIND,EQ,35.1,35.1,35.9,34.8,35.4,35.35,35.29,11143,39328120000.0,204.0,8031.0,0.7206999999999999
233,233,233,233,233,233,233,233,233,233,233,233,233,233,233,233,3576,2019-12-13,SANGHIIND,EQ,35.35,35.6,36.1,35.0,35.9,35.65,35.51,28364,100717535000.0,402.0,15359.0,0.5415
234,234,234,234,234,234,234,234,234,234,234,234,234,234,234,234,3577,2019-12-16,SANGHIIND,EQ,35.65,35.65,36.7,35.1,36.0,36.05,36.05,30577,110218839999.99997,350.0,20254.0,0.6624
235,235,235,235,235,235,235,235,235,235,235,235,235,235,235,235,3578,2019-12-17,SANGHIIND,EQ,36.05,36.45,36.45,35.4,35.5,35.65,35.82,28532,102190205000.0,500.0,12725.0,0.446
236,236,236,236,236,236,236,236,236,236,236,236,236,236,236,236,3579,2019-12-18,SANGHIIND,EQ,35.65,36.0,36.2,35.25,36.0,36.0,35.7,34472,123066995000.0,648.0,17327.0,0.5025999999999999
237,237,237,237,237,237,237,237,237,237,237,237,237,237,237,237,3580,2019-12-19,SANGHIIND,EQ,36.0,35.65,36.7,35.65,36.5,36.45,36.18,27693,100204270000.0,431.0,12715.0,0.4591
238,238,238,238,238,238,238,238,238,238,238,238,238,238,238,238,3581,2019-12-20,SANGHIIND,EQ,36.45,36.35,37.3,35.7,37.3,36.8,36.51,34073,124387175000.0,558.0,21570.0,0.6331
239,239,239,239,239,239,239,239,239,239,239,239,239,239,239,239,3582,2019-12-23,SANGHIIND,EQ,36.8,36.55,37.3,36.35,36.85,36.75,36.73,27834,102242045000.0,471.0,6956.0,0.2499
240,240,240,240,240,240,240,240,240,240,240,240,240,240,240,240,3583,2019-12-24,SANGHIIND,EQ,36.75,36.55,36.8,36.15,36.15,36.4,36.4,50181,182681715000.0,359.0,40509.0,0.8073
241,241,241,241,241,241,241,241,241,241,241,241,241,241,241,241,3584,2019-12-26,SANGHIIND,EQ,36.4,36.45,36.85,35.9,36.45,36.05,36.23,27807,100735970000.0,321.0,16695.0,0.6004
242,242,242,242,242,242,242,242,242,242,242,242,242,242,242,242,3585,2019-12-27,SANGHIIND,EQ,36.05,36.65,36.8,34.9,35.2,35.2,35.64,51822,184698235000.0,549.0,34426.0,0.6643000000000001
243,243,243,243,243,243,243,243,243,243,243,243,243,243,243,243,3586,2019-12-30,SANGHIIND,EQ,35.2,35.45,35.7,34.6,35.3,35.05,35.46,95184,337493175000.0,563.0,78341.0,0.823
244,244,244,244,244,244,244,244,244,244,244,244,244,244,244,244,3587,2019-12-31,SANGHIIND,EQ,35.05,35.8,37.3,35.35,35.95,35.95,36.18,79604,288028820000.0,830.0,48197.0,0.6055
